선거명,선거ID,시도명,구시군명,읍면동명,투표구수,인구수,인구수(재외국민),인구수(외국인),확정선거인수(계),확정선거인수(재외국민),확정선거인수(외국인),확정선거인수(남),확정선거인수(남_재외국민),확정선거인수(남_외국인),확정선거인수(여),확정선거인수(여_재외국민),확정선거인수(여_외국인),거소투표신고인명부등재자수(계),거소투표신고인명부등재자수(재외국민),거소투표신고인명부등재자수(남),거소투표신고인명부등재자수(남_재외국민),거소투표신고인명부등재자수(여),거소투표신고인명부등재자수(여_재외국민),결과순서
제6회 전국동시지방선거,20140604,강원도,강릉시,합계,62,216508,172,126,176430,160,126,86545,65,46,89885,95,80,648,0,387,0,261,0,1
제6회 전국동시지방선거,20140604,강원도,강릉시,주문진읍,6,18568,2,14,16098,1,14,7877,0,4,8221,1,10,30,0,24,0,6,0,2
제6회 전국동시지방선거,20140604,강원도,강릉시,성산면,2,3369,8,3,2976,7,3,1509,3,1,1467,4,2,10,0,8,0,2,0,3
제6회 전국동시지방선거,20140604,강원도,강릉시,왕산면,3,1738,0,1,1635,0,1,898,0,0,737,0,1,4,0,3,0,1,0,4
제6회 전국동시지방선거,20140604,강원도,강릉시,구정면,2,4015,4,0,3536,4,0,1767,1,0,1769,3,0,18,0,6,0,12,0,5
제6회 전국동시지방선거,20140604,강원도,강릉시,강동면,2,5153,7,1,4615,7,1,2354,5,1,2261,2,0,107,0,41,0,66,0,6
제6회 전국동시지방선거,20140604,강원도,강릉시,옥계면,2,4288,2,1,3815,2,1,1950,0,0,1865,2,1,68,0,26,0,42,0,7
제6회 전국동시지방선거,20140604,강원도,강릉시,사천면,2,4454,7,3,3882,7,3,2023,4,0,1859,3,3,7,0,3,0,4,0,8
제6회 전국동시지방선거,20140604,강원도,강릉시,연곡면,2,6964,4,2,5853,4,2,2900,0,0,2953,4,2,11,0,8,0,3,0,9
제6회 전국동시지방선거,20140604,강원도,강릉시,홍제동,2,8528,5,14,6845,3,14,3337,0,5,3508,3,9,11,0,8,0,3,0,10
제6회 전국동시지방선거,20140604,강원도,강릉시,중앙동,2,6156,14,13,5475,13,13,2637,6,8,2838,7,5,16,0,10,0,6,0,11
제6회 전국동시지방선거,20140604,강원도,강릉시,옥천동,1,4091,5,5,3606,4,5,1778,2,3,1828,2,2,11,0,8,0,3,0,12
제6회 전국동시지방선거,20140604,강원도,강릉시,교1동,6,29919,25,29,22643,23,29,10770,8,13,11873,15,16,51,0,37,0,14,0,13
제6회 전국동시지방선거,20140604,강원도,강릉시,교2동,3,9504,11,4,7850,11,4,3844,4,0,4006,7,4,6,0,5,0,1,0,14
제6회 전국동시지방선거,20140604,강원도,강릉시,포남1동,3,12501,3,5,10497,3,5,5143,1,1,5354,2,4,27,0,22,0,5,0,15
제6회 전국동시지방선거,20140604,강원도,강릉시,포남2동,4,16114,14,9,13001,13,9,6250,5,1,6751,8,8,33,0,29,0,4,0,16
제6회 전국동시지방선거,20140604,강원도,강릉시,초당동,2,5779,3,0,4638,2,0,2244,0,0,2394,2,0,6,0,5,0,1,0,17
제6회 전국동시지방선거,20140604,강원도,강릉시,송정동,2,7427,14,8,5846,13,8,2832,8,3,3014,5,5,13,0,11,0,2,0,18
제6회 전국동시지방선거,20140604,강원도,강릉시,내곡동,2,12717,6,2,10229,6,2,5149,3,1,5080,3,1,73,0,54,0,19,0,19
제6회 전국동시지방선거,20140604,강원도,강릉시,강남동,6,20984,15,1,17196,14,1,8514,7,1,8682,7,0,92,0,40,0,52,0,20
제6회 전국동시지방선거,20140604,강원도,강릉시,성덕동,6,29123,9,9,21769,9,9,10524,2,2,11245,7,7,46,0,33,0,13,0,21
제6회 전국동시지방선거,20140604,강원도,강릉시,경포동,2,5116,14,2,4425,14,2,2245,6,2,2180,8,0,8,0,6,0,2,0,22
제6회 전국동시지방선거,20140604,강원도,고성군,합계,23,30214,33,12,26235,33,12,13869,14,2,12366,19,10,604,0,493,0,111,0,1
제6회 전국동시지방선거,20140604,강원도,고성군,간성읍,5,7654,9,1,6292,9,1,3488,4,0,2804,5,1,231,0,221,0,10,0,2
제6회 전국동시지방선거,20140604,강원도,고성군,거진읍,6,7375,4,6,6473,4,6,3223,2,1,3250,2,5,131,0,108,0,23,0,3
제6회 전국동시지방선거,20140604,강원도,고성군,현내면,4,2747,1,2,2482,1,2,1204,0,0,1278,1,2,13,0,9,0,4,0,4
제6회 전국동시지방선거,20140604,강원도,고성군,죽왕면,4,4161,11,1,3666,11,1,1942,4,0,1724,7,1,56,0,51,0,5,0,5
제6회 전국동시지방선거,20140604,강원도,고성군,토성면,4,8277,8,2,7322,8,2,4012,4,1,3310,4,1,173,0,104,0,69,0,6
제6회 전국동시지방선거,20140604,강원도,동해시,합계,32,94649,45,32,75796,45,32,37959,20,13,37837,25,19,1335,0,1265,0,70,0,1
제6회 전국동시지방선거,20140604,강원도,동해시,천곡동,8,30154,18,14,23485,18,14,11447,7,7,12038,11,7,591,0,569,0,22,0,2
제6회 전국동시지방선거,20140604,강원도,동해시,송정동,2,5114,2,4,4394,2,4,2389,2,4,2005,0,0,209,0,201,0,8,0,3
제6회 전국동시지방선거,20140604,강원도,동해시,북삼동,6,21948,8,0,16163,8,0,8242,3,0,7921,5,0,321,0,309,0,12,0,4
제6회 전국동시지방선거,20140604,강원도,동해시,부곡동,3,6593,4,2,5545,4,2,2750,0,0,2795,4,2,32,0,30,0,2,0,5
제6회 전국동시지방선거,20140604,강원도,동해시,동호동,2,4926,2,2,4161,2,2,2083,1,0,2078,1,2,21,0,17,0,4,0,6
제6회 전국동시지방선거,20140604,강원도,동해시,발한동,2,4755,6,1,4123,6,1,2018,3,1,2105,3,0,60,0,57,0,3,0,7
제6회 전국동시지방선거,20140604,강원도,동해시,묵호동,2,4088,0,2,3623,0,2,1756,0,0,1867,0,2,12,0,10,0,2,0,8
제6회 전국동시지방선거,20140604,강원도,동해시,북평동,3,9801,1,6,7977,1,6,4014,1,1,3963,0,5,59,0,50,0,9,0,9
제6회 전국동시지방선거,20140604,강원도,동해시,망상동,2,3577,4,0,3184,4,0,1620,3,0,1564,1,0,17,0,12,0,5,0,10
제6회 전국동시지방선거,20140604,강원도,동해시,삼화동,2,3693,0,1,3141,0,1,1640,0,0,1501,0,1,13,0,10,0,3,0,11
제6회 전국동시지방선거,20140604,강원도,삼척시,합계,45,73402,28,31,61597,25,31,31454,10,5,30143,15,26,404,0,194,0,210,0,1
제6회 전국동시지방선거,20140604,강원도,삼척시,도계읍,8,13798,2,4,11918,2,4,6060,1,0,5858,1,4,70,0,56,0,14,0,2
제6회 전국동시지방선거,20140604,강원도,삼척시,원덕읍,5,6020,6,0,5463,5,0,2865,2,0,2598,3,0,81,0,16,0,65,0,3
제6회 전국동시지방선거,20140604,강원도,삼척시,근덕면,5,6140,3,1,5494,3,1,2796,2,0,2698,1,1,76,0,26,0,50,0,4
제6회 전국동시지방선거,20140604,강원도,삼척시,하장면,3,1485,0,2,1354,0,2,724,0,0,630,0,2,2,0,2,0,0,0,5
제6회 전국동시지방선거,20140604,강원도,삼척시,노곡면,2,794,0,0,751,0,0,398,0,0,353,0,0,12,0,5,0,7,0,6
제6회 전국동시지방선거,20140604,강원도,삼척시,미로면,3,2138,0,1,1918,0,1,981,0,0,937,0,1,26,0,10,0,16,0,7
제6회 전국동시지방선거,20140604,강원도,삼척시,가곡면,2,766,0,1,701,0,1,344,0,0,357,0,1,1,0,1,0,0,0,8
제6회 전국동시지방선거,20140604,강원도,삼척시,신기면,1,770,1,0,718,1,0,401,0,0,317,1,0,6,0,0,0,6,0,9
제6회 전국동시지방선거,20140604,강원도,삼척시,남양동,5,9549,6,7,8217,6,7,4033,2,1,4184,4,6,45,0,19,0,26,0,10
제6회 전국동시지방선거,20140604,강원도,삼척시,성내동,4,8843,4,8,7312,3,8,3635,0,4,3677,3,4,36,0,27,0,9,0,11
제6회 전국동시지방선거,20140604,강원도,삼척시,교동,3,11264,3,2,8601,3,2,4582,2,0,4019,1,2,23,0,16,0,7,0,12
제6회 전국동시지방선거,20140604,강원도,삼척시,정라동,4,11835,3,5,9150,2,5,4635,1,0,4515,1,5,26,0,16,0,10,0,13
제6회 전국동시지방선거,20140604,강원도,속초시,합계,28,82911,77,54,66777,76,54,32528,37,16,34249,39,38,397,1,325,0,72,1,1
제6회 전국동시지방선거,20140604,강원도,속초시,영랑동,2,5388,6,5,4668,6,5,2414,4,2,2254,2,3,30,0,27,0,3,0,2
제6회 전국동시지방선거,20140604,강원도,속초시,동명동,2,3876,4,8,3368,4,8,1720,2,2,1648,2,6,17,0,13,0,4,0,3
제6회 전국동시지방선거,20140604,강원도,속초시,금호동,4,7503,11,4,6364,11,4,3089,3,2,3275,8,2,39,1,18,0,21,1,4
제6회 전국동시지방선거,20140604,강원도,속초시,교동,4,11412,9,13,9236,9,13,4430,6,5,4806,3,8,56,0,40,0,16,0,5
제6회 전국동시지방선거,20140604,강원도,속초시,노학동,6,23190,13,9,18214,13,9,8851,7,2,9363,6,7,103,0,90,0,13,0,6
제6회 전국동시지방선거,20140604,강원도,속초시,조양동,6,23926,27,10,18111,26,10,8615,13,2,9496,13,8,113,0,108,0,5,0,7
제6회 전국동시지방선거,20140604,강원도,속초시,청호동,2,4121,1,3,3693,1,3,1828,0,1,1865,1,2,21,0,15,0,6,0,8
제6회 전국동시지방선거,20140604,강원도,속초시,대포동,2,3495,6,2,3123,6,2,1581,2,0,1542,4,2,18,0,14,0,4,0,9
제6회 전국동시지방선거,20140604,강원도,양구군,합계,19,23783,8,34,19118,8,34,10191,4,0,8927,4,34,409,0,285,0,124,0,1
제6회 전국동시지방선거,20140604,강원도,양구군,양구읍,8,14867,3,19,11265,3,19,5769,2,0,5496,1,19,161,0,86,0,75,0,2
제6회 전국동시지방선거,20140604,강원도,양구군,남면,4,3594,3,10,3181,3,10,1709,1,0,1472,2,10,32,0,17,0,15,0,3
제6회 전국동시지방선거,20140604,강원도,양구군,동면,3,2338,0,2,2034,0,2,1214,0,0,820,0,2,125,0,94,0,31,0,4
제6회 전국동시지방선거,20140604,강원도,양구군,방산면,3,1541,2,3,1383,2,3,829,1,0,554,1,3,83,0,82,0,1,0,5
제6회 전국동시지방선거,20140604,강원도,양구군,해안면,1,1443,0,0,1255,0,0,670,0,0,585,0,0,8,0,6,0,2,0,6
제6회 전국동시지방선거,20140604,강원도,양양군,합계,22,27702,23,22,23787,19,22,12047,10,0,11740,9,22,238,0,124,0,114,0,1
제6회 전국동시지방선거,20140604,강원도,양양군,양양읍,5,11722,8,10,9559,8,10,4802,3,0,4757,5,10,50,0,29,0,21,0,2
제6회 전국동시지방선거,20140604,강원도,양양군,서면,4,3261,3,2,2877,2,2,1479,2,0,1398,0,2,21,0,11,0,10,0,3
제6회 전국동시지방선거,20140604,강원도,양양군,손양면,2,2395,2,5,2150,2,5,1092,2,0,1058,0,5,13,0,9,0,4,0,4
제6회 전국동시지방선거,20140604,강원도,양양군,현북면,4,2844,4,0,2554,2,0,1332,1,0,1222,1,0,74,0,47,0,27,0,5
제6회 전국동시지방선거,20140604,강원도,양양군,현남면,3,3249,2,1,2916,1,1,1460,1,0,1456,0,1,26,0,9,0,17,0,6
제6회 전국동시지방선거,20140604,강원도,양양군,강현면,4,4231,4,4,3731,4,4,1882,1,0,1849,3,4,54,0,19,0,35,0,7
제6회 전국동시지방선거,20140604,강원도,영월군,합계,29,40313,9,18,34273,9,18,17317,4,3,16956,5,15,178,0,110,0,68,0,1
제6회 전국동시지방선거,20140604,강원도,영월군,영월읍,9,22207,3,9,17906,3,9,8959,2,2,8947,1,7,70,0,39,0,31,0,2
제6회 전국동시지방선거,20140604,강원도,영월군,상동읍,3,1193,0,0,1101,0,0,563,0,0,538,0,0,4,0,2,0,2,0,3
제6회 전국동시지방선거,20140604,강원도,영월군,중동면,2,1571,0,1,1436,0,1,731,0,0,705,0,1,9,0,7,0,2,0,4
제6회 전국동시지방선거,20140604,강원도,영월군,김삿갓면,2,1769,0,1,1589,0,1,799,0,0,790,0,1,5,0,2,0,3,0,5
제6회 전국동시지방선거,20140604,강원도,영월군,북면,3,2246,0,0,2045,0,0,1070,0,0,975,0,0,9,0,6,0,3,0,6
제6회 전국동시지방선거,20140604,강원도,영월군,남면,3,2287,1,1,2096,1,1,1099,0,0,997,1,1,54,0,36,0,18,0,7
제6회 전국동시지방선거,20140604,강원도,영월군,한반도면,2,3142,0,4,2820,0,4,1491,0,1,1329,0,3,6,0,4,0,2,0,8
제6회 전국동시지방선거,20140604,강원도,영월군,주천면,3,4032,1,0,3559,1,0,1737,0,0,1822,1,0,14,0,9,0,5,0,9
제6회 전국동시지방선거,20140604,강원도,영월군,수주면,2,1866,4,2,1721,4,2,868,2,0,853,2,2,7,0,5,0,2,0,10
제6회 전국동시지방선거,20140604,강원도,원주시,합계,83,325859,288,294,257088,278,294,126289,115,106,130799,163,188,532,0,443,0,89,0,1
제6회 전국동시지방선거,20140604,강원도,원주시,문막읍,5,19528,16,12,15254,16,12,7746,10,0,7508,6,12,26,0,21,0,5,0,2
제6회 전국동시지방선거,20140604,강원도,원주시,소초면,4,9720,8,6,8185,6,6,4201,1,2,3984,5,4,15,0,14,0,1,0,3
제6회 전국동시지방선거,20140604,강원도,원주시,호저면,2,4220,2,1,3746,2,1,1912,1,0,1834,1,1,9,0,7,0,2,0,4
제6회 전국동시지방선거,20140604,강원도,원주시,지정면,2,3033,5,4,2724,5,4,1407,3,1,1317,2,3,5,0,4,0,1,0,5
제6회 전국동시지방선거,20140604,강원도,원주시,부론면,1,2500,1,0,2300,1,0,1169,1,0,1131,0,0,7,0,5,0,2,0,6
제6회 전국동시지방선거,20140604,강원도,원주시,귀래면,1,2018,0,0,1852,0,0,956,0,0,896,0,0,6,0,6,0,0,0,7
제6회 전국동시지방선거,20140604,강원도,원주시,흥업면,3,8228,21,3,7015,21,3,3639,11,2,3376,10,1,20,0,18,0,2,0,8
제6회 전국동시지방선거,20140604,강원도,원주시,판부면,3,7015,8,7,5787,8,7,2937,4,1,2850,4,6,7,0,6,0,1,0,9
제6회 전국동시지방선거,20140604,강원도,원주시,신림면,2,3861,9,1,3480,9,1,1729,2,1,1751,7,0,7,0,6,0,1,0,10
제6회 전국동시지방선거,20140604,강원도,원주시,중앙동,1,3286,4,7,2993,4,7,1581,2,3,1412,2,4,4,0,2,0,2,0,11
제6회 전국동시지방선거,20140604,강원도,원주시,원인동,2,6744,2,8,5615,2,8,2709,1,3,2906,1,5,7,0,6,0,1,0,12
제6회 전국동시지방선거,20140604,강원도,원주시,개운동,3,14729,6,16,11746,6,16,5549,1,5,6197,5,11,34,0,25,0,9,0,13
제6회 전국동시지방선거,20140604,강원도,원주시,명륜1동,3,10890,4,14,8854,4,14,4297,1,6,4557,3,8,38,0,31,0,7,0,14
제6회 전국동시지방선거,20140604,강원도,원주시,명륜2동,4,18952,32,23,14965,30,23,7090,14,9,7875,16,14,33,0,23,0,10,0,15
제6회 전국동시지방선거,20140604,강원도,원주시,단구동,10,48148,35,37,35755,32,37,17219,13,12,18536,19,25,65,0,51,0,14,0,16
제6회 전국동시지방선거,20140604,강원도,원주시,일산동,2,9071,21,16,7603,21,16,3747,9,4,3856,12,12,12,0,8,0,4,0,17
제6회 전국동시지방선거,20140604,강원도,원주시,학성동,2,6101,4,19,5174,4,19,2562,2,9,2612,2,10,8,0,7,0,1,0,18
제6회 전국동시지방선거,20140604,강원도,원주시,단계동,5,24253,21,34,19574,21,34,9332,9,15,10242,12,19,48,0,42,0,6,0,19
제6회 전국동시지방선거,20140604,강원도,원주시,우산동,3,13479,10,12,11061,9,12,5655,4,5,5406,5,7,22,0,20,0,2,0,20
제6회 전국동시지방선거,20140604,강원도,원주시,태장1동,2,11054,6,11,8249,6,11,4082,3,4,4167,3,7,10,0,7,0,3,0,21
제6회 전국동시지방선거,20140604,강원도,원주시,태장2동,6,26249,12,20,20284,12,20,10079,5,6,10205,7,14,41,0,36,0,5,0,22
제6회 전국동시지방선거,20140604,강원도,원주시,봉산동,3,10506,11,5,8678,10,5,4269,2,2,4409,8,3,14,0,13,0,1,0,23
제6회 전국동시지방선거,20140604,강원도,원주시,행구동,2,8486,16,8,6466,16,8,3099,9,4,3367,7,4,17,0,14,0,3,0,24
제6회 전국동시지방선거,20140604,강원도,원주시,무실동,6,30994,22,19,23224,22,19,11194,4,7,12030,18,12,41,0,39,0,2,0,25
제6회 전국동시지방선거,20140604,강원도,원주시,반곡관설동,6,22794,12,11,16504,11,11,8129,3,5,8375,8,6,36,0,32,0,4,0,26
제6회 전국동시지방선거,20140604,강원도,인제군,합계,23,32504,16,16,26601,16,16,14237,6,2,12364,10,14,298,0,233,0,65,0,1
제6회 전국동시지방선거,20140604,강원도,인제군,인제읍,5,9805,3,9,7905,3,9,4131,2,0,3774,1,9,25,0,19,0,6,0,2
제6회 전국동시지방선거,20140604,강원도,인제군,남면,2,3895,1,1,3227,1,1,1724,0,1,1503,1,0,50,0,29,0,21,0,3
제6회 전국동시지방선거,20140604,강원도,인제군,북면,5,8750,9,2,7108,9,2,3806,4,1,3302,5,1,62,0,50,0,12,0,4
제6회 전국동시지방선거,20140604,강원도,인제군,기린면,6,5272,3,0,4326,3,0,2293,0,0,2033,3,0,31,0,13,0,18,0,5
제6회 전국동시지방선거,20140604,강원도,인제군,서화면,3,3195,0,3,2633,0,3,1553,0,0,1080,0,3,125,0,120,0,5,0,6
제6회 전국동시지방선거,20140604,강원도,인제군,상남면,2,1587,0,1,1402,0,1,730,0,0,672,0,1,5,0,2,0,3,0,7
제6회 전국동시지방선거,20140604,강원도,정선군,합계,30,39755,4,22,34031,3,22,17520,0,6,16511,3,16,134,0,84,0,50,0,1
제6회 전국동시지방선거,20140604,강원도,정선군,정선읍,7,11606,2,7,9403,2,7,4741,0,2,4662,2,5,48,0,28,0,20,0,2
제6회 전국동시지방선거,20140604,강원도,정선군,고한읍,3,5072,1,1,4502,0,1,2354,0,1,2148,0,0,7,0,7,0,0,0,3
제6회 전국동시지방선거,20140604,강원도,정선군,사북읍,2,5558,1,3,4625,1,3,2413,0,2,2212,1,1,10,0,7,0,3,0,4
제6회 전국동시지방선거,20140604,강원도,정선군,신동읍,4,3874,0,5,3442,0,5,1781,0,0,1661,0,5,16,0,9,0,7,0,5
제6회 전국동시지방선거,20140604,강원도,정선군,화암면,2,1712,0,1,1522,0,1,804,0,0,718,0,1,9,0,3,0,6,0,6
제6회 전국동시지방선거,20140604,강원도,정선군,남면,3,3447,0,0,2987,0,0,1576,0,0,1411,0,0,16,0,10,0,6,0,7
제6회 전국동시지방선거,20140604,강원도,정선군,여량면,2,2159,0,2,1938,0,2,981,0,0,957,0,2,4,0,3,0,1,0,8
제6회 전국동시지방선거,20140604,강원도,정선군,북평면,2,2692,0,2,2342,0,2,1179,0,1,1163,0,1,9,0,6,0,3,0,9
제6회 전국동시지방선거,20140604,강원도,정선군,임계면,5,3635,0,1,3270,0,1,1691,0,0,1579,0,1,15,0,11,0,4,0,10
제6회 전국동시지방선거,20140604,강원도,철원군,합계,35,47456,16,29,38500,15,29,19738,4,2,18762,11,27,314,0,278,0,36,0,1
제6회 전국동시지방선거,20140604,강원도,철원군,철원읍,5,5449,3,2,4369,3,2,2185,0,0,2184,3,2,16,0,13,0,3,0,2
제6회 전국동시지방선거,20140604,강원도,철원군,김화읍,4,3607,0,0,2926,0,0,1542,0,0,1384,0,0,39,0,39,0,0,0,3
제6회 전국동시지방선거,20140604,강원도,철원군,갈말읍,9,12918,3,16,10624,2,16,5581,1,1,5043,1,15,98,0,70,0,28,0,4
제6회 전국동시지방선거,20140604,강원도,철원군,동송읍,10,16846,7,9,13463,7,9,6783,2,1,6680,5,8,86,0,81,0,5,0,5
제6회 전국동시지방선거,20140604,강원도,철원군,서면,3,6128,2,2,5026,2,2,2555,0,0,2471,2,2,21,0,21,0,0,0,6
제6회 전국동시지방선거,20140604,강원도,철원군,근남면,3,2390,1,0,1981,1,0,1037,1,0,944,0,0,54,0,54,0,0,0,7
제6회 전국동시지방선거,20140604,강원도,철원군,근북면,1,118,0,0,111,0,0,55,0,0,56,0,0,0,0,0,0,0,0,8
제6회 전국동시지방선거,20140604,강원도,춘천시,합계,80,275336,385,143,220197,364,142,107192,139,40,113005,225,102,723,0,519,0,204,0,1
제6회 전국동시지방선거,20140604,강원도,춘천시,신북읍,4,7731,4,7,6632,4,7,3350,2,2,3282,2,5,34,0,22,0,12,0,2
제6회 전국동시지방선거,20140604,강원도,춘천시,동면,4,13557,15,5,10178,15,5,5027,6,3,5151,9,2,26,0,22,0,4,0,3
제6회 전국동시지방선거,20140604,강원도,춘천시,동산면,2,1497,4,1,1357,4,1,705,0,0,652,4,1,3,0,2,0,1,0,4
제6회 전국동시지방선거,20140604,강원도,춘천시,신동면,1,2504,6,1,2199,5,1,1094,3,0,1105,2,1,50,0,22,0,28,0,5
제6회 전국동시지방선거,20140604,강원도,춘천시,동내면,3,15236,9,6,11858,8,6,5886,1,1,5972,7,5,25,0,19,0,6,0,6
제6회 전국동시지방선거,20140604,강원도,춘천시,남면,1,1047,6,0,980,6,0,516,3,0,464,3,0,0,0,0,0,0,0,7
제6회 전국동시지방선거,20140604,강원도,춘천시,남산면,3,3769,1,1,3385,1,1,1776,0,0,1609,1,1,6,0,4,0,2,0,8
제6회 전국동시지방선거,20140604,강원도,춘천시,서면,3,4068,7,5,3658,6,5,1816,4,1,1842,2,4,32,0,15,0,17,0,9
제6회 전국동시지방선거,20140604,강원도,춘천시,사북면,3,2582,3,0,2288,3,0,1109,2,0,1179,1,0,10,0,8,0,2,0,10
제6회 전국동시지방선거,20140604,강원도,춘천시,북산면,2,915,2,0,866,2,0,478,0,0,388,2,0,3,0,3,0,0,0,11
제6회 전국동시지방선거,20140604,강원도,춘천시,소양동,3,8802,23,9,7397,23,9,3633,9,4,3764,14,5,14,0,10,0,4,0,12
제6회 전국동시지방선거,20140604,강원도,춘천시,교동,1,4114,3,5,3630,3,5,1794,1,1,1836,2,4,5,0,5,0,0,0,13
제6회 전국동시지방선거,20140604,강원도,춘천시,조운동,1,3696,7,6,3272,7,6,1577,3,2,1695,4,4,13,0,13,0,0,0,14
제6회 전국동시지방선거,20140604,강원도,춘천시,약사명동,1,4409,13,3,3813,12,3,1830,4,0,1983,8,3,9,0,8,0,1,0,15
제6회 전국동시지방선거,20140604,강원도,춘천시,근화동,2,7938,8,8,6620,6,8,3299,2,3,3321,4,5,12,0,10,0,2,0,16
제6회 전국동시지방선거,20140604,강원도,춘천시,후평1동,3,13184,14,8,11047,14,8,5320,7,2,5727,7,6,30,0,23,0,7,0,17
제6회 전국동시지방선거,20140604,강원도,춘천시,후평2동,3,14779,17,4,11785,17,4,5516,6,3,6269,11,1,26,0,21,0,5,0,18
제6회 전국동시지방선거,20140604,강원도,춘천시,후평3동,5,21150,33,8,16976,32,8,8026,13,0,8950,19,8,45,0,37,0,8,0,19
제6회 전국동시지방선거,20140604,강원도,춘천시,효자1동,1,3506,5,4,3013,4,4,1523,2,1,1490,2,3,4,0,3,0,1,0,20
제6회 전국동시지방선거,20140604,강원도,춘천시,효자2동,4,12425,15,8,10796,14,7,5542,2,1,5254,12,6,30,0,23,0,7,0,21
제6회 전국동시지방선거,20140604,강원도,춘천시,효자3동,1,5001,6,3,4371,6,3,2176,4,2,2195,2,1,12,0,8,0,4,0,22
제6회 전국동시지방선거,20140604,강원도,춘천시,석사동,9,40489,57,15,30634,56,15,14729,23,3,15905,33,12,147,0,86,0,61,0,23
제6회 전국동시지방선거,20140604,강원도,춘천시,퇴계동,11,46124,77,22,34756,69,22,16424,22,7,18332,47,15,80,0,59,0,21,0,24
제6회 전국동시지방선거,20140604,강원도,춘천시,강남동,4,15205,30,4,12263,29,4,6001,11,3,6262,18,1,34,0,30,0,4,0,25
제6회 전국동시지방선거,20140604,강원도,춘천시,신사우동,5,21608,20,10,16423,18,10,8045,9,1,8378,9,9,73,0,66,0,7,0,26
제6회 전국동시지방선거,20140604,강원도,태백시,합계,24,48878,12,24,40070,12,24,20199,4,7,19871,8,17,83,0,63,0,20,0,1
제6회 전국동시지방선거,20140604,강원도,태백시,황지동,3,6757,3,6,5548,3,6,2722,2,3,2826,1,3,9,0,7,0,2,0,2
제6회 전국동시지방선거,20140604,강원도,태백시,황연동,3,5291,2,1,4505,2,1,2321,0,0,2184,2,1,7,0,6,0,1,0,3
제6회 전국동시지방선거,20140604,강원도,태백시,삼수동,3,6998,2,5,5757,2,5,2894,1,1,2863,1,4,9,0,7,0,2,0,4
제6회 전국동시지방선거,20140604,강원도,태백시,상장동,5,15718,4,9,11995,4,9,6014,1,3,5981,3,6,26,0,22,0,4,0,5
제6회 전국동시지방선거,20140604,강원도,태백시,문곡소도동,3,3754,1,1,3252,1,1,1649,0,0,1603,1,1,10,0,9,0,1,0,6
제6회 전국동시지방선거,20140604,강원도,태백시,장성동,3,3810,0,1,3386,0,1,1704,0,0,1682,0,1,10,0,6,0,4,0,7
제6회 전국동시지방선거,20140604,강원도,태백시,구문소동,2,3630,0,1,3010,0,1,1543,0,0,1467,0,1,7,0,2,0,5,0,8
제6회 전국동시지방선거,20140604,강원도,태백시,철암동,2,2920,0,0,2617,0,0,1352,0,0,1265,0,0,5,0,4,0,1,0,9
제6회 전국동시지방선거,20140604,강원도,평창군,합계,32,43818,31,31,37156,31,31,18801,14,6,18355,17,25,165,0,87,0,78,0,1
제6회 전국동시지방선거,20140604,강원도,평창군,평창읍,7,9032,4,16,7535,4,16,3761,0,1,3774,4,15,24,0,13,0,11,0,2
제6회 전국동시지방선거,20140604,강원도,평창군,미탄면,2,1774,0,3,1558,0,3,812,0,0,746,0,3,6,0,3,0,3,0,3
제6회 전국동시지방선거,20140604,강원도,평창군,방림면,3,2508,1,2,2249,1,2,1115,1,0,1134,0,2,29,0,12,0,17,0,4
제6회 전국동시지방선거,20140604,강원도,평창군,대화면,4,5784,5,1,4966,5,1,2450,5,0,2516,0,1,9,0,8,0,1,0,5
제6회 전국동시지방선거,20140604,강원도,평창군,봉평면,3,5661,3,1,4709,3,1,2422,0,0,2287,3,1,8,0,6,0,2,0,6
제6회 전국동시지방선거,20140604,강원도,평창군,용평면,3,3152,0,0,2721,0,0,1401,0,0,1320,0,0,6,0,3,0,3,0,7
제6회 전국동시지방선거,20140604,강원도,평창군,진부면,7,9615,12,4,8069,12,4,4009,5,2,4060,7,2,60,0,30,0,30,0,8
제6회 전국동시지방선거,20140604,강원도,평창군,대관령면,3,6292,6,4,5349,6,4,2831,3,3,2518,3,1,23,0,12,0,11,0,9
제6회 전국동시지방선거,20140604,강원도,홍천군,합계,40,70724,45,45,59010,41,45,30161,17,7,28849,24,38,147,0,113,0,34,0,1
제6회 전국동시지방선거,20140604,강원도,홍천군,홍천읍,12,35745,22,20,28065,20,20,14069,6,6,13996,14,14,53,0,45,0,8,0,2
제6회 전국동시지방선거,20140604,강원도,홍천군,화촌면,4,4836,6,3,4389,5,3,2315,4,0,2074,1,3,34,0,25,0,9,0,3
제6회 전국동시지방선거,20140604,강원도,홍천군,두촌면,2,2431,0,1,2225,0,1,1117,0,0,1108,0,1,3,0,2,0,1,0,4
제6회 전국동시지방선거,20140604,강원도,홍천군,내촌면,3,2437,4,2,2166,4,2,1093,2,0,1073,2,2,1,0,1,0,0,0,5
제6회 전국동시지방선거,20140604,강원도,홍천군,서석면,4,3966,1,3,3464,1,3,1717,0,0,1747,1,3,11,0,8,0,3,0,6
제6회 전국동시지방선거,20140604,강원도,홍천군,동면,3,3692,2,6,3360,2,6,1698,2,1,1662,0,5,10,0,6,0,4,0,7
제6회 전국동시지방선거,20140604,강원도,홍천군,남면,3,6545,2,7,5413,2,7,2889,1,0,2524,1,7,14,0,10,0,4,0,8
제6회 전국동시지방선거,20140604,강원도,홍천군,서면,3,3679,8,0,3339,7,0,1769,2,0,1570,5,0,5,0,4,0,1,0,9
제6회 전국동시지방선거,20140604,강원도,홍천군,북방면,3,3969,0,2,3555,0,2,1887,0,0,1668,0,2,9,0,7,0,2,0,10
제6회 전국동시지방선거,20140604,강원도,홍천군,내면,3,3424,0,1,3034,0,1,1607,0,0,1427,0,1,7,0,5,0,2,0,11
제6회 전국동시지방선거,20140604,강원도,화천군,합계,21,24975,9,21,20458,8,21,11097,4,3,9361,4,18,311,0,270,0,41,0,1
제6회 전국동시지방선거,20140604,강원도,화천군,화천읍,4,8788,3,7,6933,3,7,3585,2,1,3348,1,6,113,0,102,0,11,0,2
제6회 전국동시지방선거,20140604,강원도,화천군,간동면,4,2634,2,2,2319,1,2,1218,0,0,1101,1,2,6,0,5,0,1,0,3
제6회 전국동시지방선거,20140604,강원도,화천군,하남면,3,2587,2,6,2162,2,6,1105,0,2,1057,2,4,18,0,11,0,7,0,4
제6회 전국동시지방선거,20140604,강원도,화천군,상서면,6,4204,1,1,3582,1,1,2113,1,0,1469,0,1,107,0,95,0,12,0,5
제6회 전국동시지방선거,20140604,강원도,화천군,사내면,4,6762,1,5,5462,1,5,3076,1,0,2386,0,5,67,0,57,0,10,0,6
제6회 전국동시지방선거,20140604,강원도,횡성군,합계,26,45259,45,24,38345,37,24,19377,20,6,18968,17,18,86,0,65,0,21,0,1
제6회 전국동시지방선거,20140604,강원도,횡성군,횡성읍,7,20233,11,14,16301,10,14,8106,5,5,8195,5,9,35,0,26,0,9,0,2
제6회 전국동시지방선거,20140604,강원도,횡성군,우천면,3,4445,7,0,3948,6,0,1981,3,0,1967,3,0,10,0,6,0,4,0,3
제6회 전국동시지방선거,20140604,강원도,횡성군,안흥면,2,3078,2,2,2323,2,2,1178,2,0,1145,0,2,2,0,2,0,0,0,4
제6회 전국동시지방선거,20140604,강원도,횡성군,둔내면,4,5566,7,2,4869,4,2,2529,3,1,2340,1,1,11,0,11,0,0,0,5
제6회 전국동시지방선거,20140604,강원도,횡성군,갑천면,2,2236,10,1,2057,8,1,1057,4,0,1000,4,1,12,0,7,0,5,0,6
제6회 전국동시지방선거,20140604,강원도,횡성군,청일면,3,2337,0,3,2145,0,3,1055,0,0,1090,0,3,1,0,1,0,0,0,7
제6회 전국동시지방선거,20140604,강원도,횡성군,공근면,2,3569,3,0,3259,3,0,1687,1,0,1572,2,0,7,0,5,0,2,0,8
제6회 전국동시지방선거,20140604,강원도,횡성군,서원면,2,2210,3,0,2008,2,0,1053,1,0,955,1,0,6,0,5,0,1,0,9
제6회 전국동시지방선거,20140604,강원도,횡성군,강림면,1,1585,2,2,1435,2,2,731,1,0,704,1,2,2,0,2,0,0,0,10
제6회 전국동시지방선거,20140604,전라북도,고창군,합계,33,60271,15,35,51188,15,35,24843,6,1,26345,9,34,328,0,151,0,177,0,1
제6회 전국동시지방선거,20140604,전라북도,고창군,고창읍,7,21762,7,11,16614,7,11,7941,3,1,8673,4,10,74,0,44,0,30,0,2
제6회 전국동시지방선거,20140604,전라북도,고창군,고수면,2,2521,1,1,2299,1,1,1141,0,0,1158,1,1,43,0,20,0,23,0,3
제6회 전국동시지방선거,20140604,전라북도,고창군,아산면,2,3088,0,1,2818,0,1,1440,0,0,1378,0,1,23,0,7,0,16,0,4
제6회 전국동시지방선거,20140604,전라북도,고창군,무장면,2,3377,0,4,2945,0,4,1443,0,0,1502,0,4,20,0,7,0,13,0,5
제6회 전국동시지방선거,20140604,전라북도,고창군,공음면,2,2948,0,1,2647,0,1,1298,0,0,1349,0,1,43,0,14,0,29,0,6
제6회 전국동시지방선거,20140604,전라북도,고창군,상하면,2,2805,3,2,2491,3,2,1202,1,0,1289,2,2,7,0,4,0,3,0,7
제6회 전국동시지방선거,20140604,전라북도,고창군,해리면,2,3187,0,5,2906,0,5,1399,0,0,1507,0,5,15,0,8,0,7,0,8
제6회 전국동시지방선거,20140604,전라북도,고창군,성송면,2,2093,0,3,1915,0,3,939,0,0,976,0,3,22,0,8,0,14,0,9
제6회 전국동시지방선거,20140604,전라북도,고창군,대산면,2,4041,0,3,3630,0,3,1763,0,0,1867,0,3,14,0,4,0,10,0,10
제6회 전국동시지방선거,20140604,전라북도,고창군,심원면,2,2872,0,0,2567,0,0,1286,0,0,1281,0,0,9,0,5,0,4,0,11
제6회 전국동시지방선거,20140604,전라북도,고창군,흥덕면,2,3684,1,2,3252,1,2,1572,0,0,1680,1,2,18,0,11,0,7,0,12
제6회 전국동시지방선거,20140604,전라북도,고창군,성내면,2,2229,0,2,2048,0,2,1017,0,0,1031,0,2,9,0,5,0,4,0,13
제6회 전국동시지방선거,20140604,전라북도,고창군,신림면,2,2443,2,0,2207,2,0,1065,1,0,1142,1,0,15,0,5,0,10,0,14
제6회 전국동시지방선거,20140604,전라북도,고창군,부안면,2,3221,1,0,2849,1,0,1337,1,0,1512,0,0,16,0,9,0,7,0,15
제6회 전국동시지방선거,20140604,전라북도,군산시,합계,83,278440,201,153,220810,182,153,111601,71,58,109209,111,95,730,0,548,0,182,0,1
제6회 전국동시지방선거,20140604,전라북도,군산시,옥구읍,1,3663,4,0,3302,4,0,1693,3,0,1609,1,0,8,0,6,0,2,0,2
제6회 전국동시지방선거,20140604,전라북도,군산시,옥산면,1,2823,1,1,2483,1,1,1280,1,0,1203,0,1,6,0,5,0,1,0,3
제6회 전국동시지방선거,20140604,전라북도,군산시,회현면,1,3805,1,2,3198,1,2,1656,1,0,1542,0,2,12,0,8,0,4,0,4
제6회 전국동시지방선거,20140604,전라북도,군산시,임피면,1,3212,2,0,2888,2,0,1439,1,0,1449,1,0,54,0,20,0,34,0,5
제6회 전국동시지방선거,20140604,전라북도,군산시,서수면,1,2944,3,0,2689,3,0,1328,3,0,1361,0,0,19,0,9,0,10,0,6
제6회 전국동시지방선거,20140604,전라북도,군산시,대야면,2,5963,2,1,5323,2,1,2672,0,0,2651,2,1,14,0,8,0,6,0,7
제6회 전국동시지방선거,20140604,전라북도,군산시,개정면,1,3704,0,1,3269,0,1,1649,0,1,1620,0,0,16,0,10,0,6,0,8
제6회 전국동시지방선거,20140604,전라북도,군산시,성산면,1,3305,3,0,2923,2,0,1509,2,0,1414,0,0,5,0,4,0,1,0,9
제6회 전국동시지방선거,20140604,전라북도,군산시,나포면,1,2592,1,1,2337,1,1,1203,0,0,1134,1,1,4,0,3,0,1,0,10
제6회 전국동시지방선거,20140604,전라북도,군산시,옥도면,10,4284,3,0,3691,3,0,2031,1,0,1660,2,0,19,0,19,0,0,0,11
제6회 전국동시지방선거,20140604,전라북도,군산시,옥서면,1,4429,11,1,3898,10,1,1971,2,0,1927,8,1,11,0,8,0,3,0,12
제6회 전국동시지방선거,20140604,전라북도,군산시,해신동,1,2259,2,3,1945,2,3,985,0,1,960,2,2,14,0,12,0,2,0,13
제6회 전국동시지방선거,20140604,전라북도,군산시,월명동,3,7928,10,33,6742,10,33,3396,3,15,3346,7,18,15,0,10,0,5,0,14
제6회 전국동시지방선거,20140604,전라북도,군산시,삼학동,3,7181,7,10,6256,5,10,3085,1,4,3171,4,6,22,0,18,0,4,0,15
제6회 전국동시지방선거,20140604,전라북도,군산시,신풍동,3,8636,8,6,7062,5,6,3516,3,4,3546,2,2,19,0,14,0,5,0,16
제6회 전국동시지방선거,20140604,전라북도,군산시,중앙동,1,3951,5,14,3600,5,14,1936,0,7,1664,5,7,5,0,4,0,1,0,17
제6회 전국동시지방선거,20140604,전라북도,군산시,흥남동,4,11291,11,3,9295,11,3,4717,5,1,4578,6,2,29,0,22,0,7,0,18
제6회 전국동시지방선거,20140604,전라북도,군산시,조촌동,4,16021,12,3,12825,11,3,6558,6,0,6267,5,3,31,0,24,0,7,0,19
제6회 전국동시지방선거,20140604,전라북도,군산시,경암동,3,8515,9,5,7272,8,5,3721,1,2,3551,7,3,20,0,12,0,8,0,20
제6회 전국동시지방선거,20140604,전라북도,군산시,구암동,2,6799,2,6,5505,2,6,2794,1,3,2711,1,3,17,0,13,0,4,0,21
제6회 전국동시지방선거,20140604,전라북도,군산시,개정동,1,3437,0,1,2830,0,1,1437,0,1,1393,0,0,25,0,13,0,12,0,22
제6회 전국동시지방선거,20140604,전라북도,군산시,수송동,9,43676,23,12,31132,19,12,15330,7,3,15802,12,9,90,0,78,0,12,0,23
제6회 전국동시지방선거,20140604,전라북도,군산시,나운1동,4,17088,12,9,13819,10,9,6760,4,2,7059,6,7,36,0,31,0,5,0,24
제6회 전국동시지방선거,20140604,전라북도,군산시,나운2동,6,27626,13,4,20813,12,4,10040,4,1,10773,8,3,75,0,63,0,12,0,25
제6회 전국동시지방선거,20140604,전라북도,군산시,나운3동,9,38422,33,12,27964,30,12,13869,12,5,14095,18,7,79,0,67,0,12,0,26
제6회 전국동시지방선거,20140604,전라북도,군산시,소룡동,5,20020,14,18,15668,14,18,8611,4,7,7057,10,11,55,0,40,0,15,0,27
제6회 전국동시지방선거,20140604,전라북도,군산시,미성동,4,14866,9,7,12081,9,7,6415,6,1,5666,3,6,30,0,27,0,3,0,28
제6회 전국동시지방선거,20140604,전라북도,김제시,합계,39,91146,48,55,77336,47,55,37993,28,15,39343,19,40,541,0,281,0,260,0,1
제6회 전국동시지방선거,20140604,전라북도,김제시,만경읍,2,3316,0,6,2952,0,6,1483,0,3,1469,0,3,11,0,11,0,0,0,2
제6회 전국동시지방선거,20140604,전라북도,김제시,죽산면,1,3053,1,0,2801,1,0,1374,1,0,1427,0,0,13,0,4,0,9,0,3
제6회 전국동시지방선거,20140604,전라북도,김제시,백산면,2,2945,3,3,2643,3,3,1319,3,1,1324,0,2,34,0,19,0,15,0,4
제6회 전국동시지방선거,20140604,전라북도,김제시,용지면,2,4518,1,0,4043,1,0,2021,1,0,2022,0,0,36,0,18,0,18,0,5
제6회 전국동시지방선거,20140604,전라북도,김제시,백구면,2,4533,2,2,4033,2,2,2014,1,0,2019,1,2,22,0,9,0,13,0,6
제6회 전국동시지방선거,20140604,전라북도,김제시,부량면,1,1594,0,0,1433,0,0,671,0,0,762,0,0,11,0,5,0,6,0,7
제6회 전국동시지방선거,20140604,전라북도,김제시,공덕면,1,3031,3,0,2665,3,0,1354,1,0,1311,2,0,12,0,5,0,7,0,8
제6회 전국동시지방선거,20140604,전라북도,김제시,청하면,1,2112,0,5,1932,0,5,959,0,0,973,0,5,12,0,5,0,7,0,9
제6회 전국동시지방선거,20140604,전라북도,김제시,성덕면,1,2160,2,0,1946,2,0,964,2,0,982,0,0,13,0,3,0,10,0,10
제6회 전국동시지방선거,20140604,전라북도,김제시,진봉면,2,3215,0,5,2956,0,5,1407,0,0,1549,0,5,18,0,10,0,8,0,11
제6회 전국동시지방선거,20140604,전라북도,김제시,금구면,3,5252,6,0,4552,5,0,2325,4,0,2227,1,0,55,0,32,0,23,0,12
제6회 전국동시지방선거,20140604,전라북도,김제시,봉남면,1,2735,2,0,2504,2,0,1208,1,0,1296,1,0,24,0,12,0,12,0,13
제6회 전국동시지방선거,20140604,전라북도,김제시,황산면,1,2203,0,1,1996,0,1,989,0,0,1007,0,1,43,0,17,0,26,0,14
제6회 전국동시지방선거,20140604,전라북도,김제시,금산면,2,5297,5,0,4733,5,0,2325,0,0,2408,5,0,30,0,14,0,16,0,15
제6회 전국동시지방선거,20140604,전라북도,김제시,광활면,1,1617,1,0,1474,1,0,740,0,0,734,1,0,9,0,3,0,6,0,16
제6회 전국동시지방선거,20140604,전라북도,김제시,요촌동,4,10778,8,20,8911,8,20,4355,4,9,4556,4,11,41,0,22,0,19,0,17
제6회 전국동시지방선거,20140604,전라북도,김제시,신풍동,6,14543,6,5,11407,6,5,5512,5,1,5895,1,4,63,0,45,0,18,0,18
제6회 전국동시지방선거,20140604,전라북도,김제시,검산동,3,10952,3,3,8249,3,3,3976,2,0,4273,1,3,78,0,38,0,40,0,19
제6회 전국동시지방선거,20140604,전라북도,김제시,교월동,3,7292,5,5,6106,5,5,2997,3,1,3109,2,4,16,0,9,0,7,0,20
제6회 전국동시지방선거,20140604,전라북도,남원시,합계,33,86287,19,56,70411,15,55,34048,8,5,36363,7,50,360,0,188,0,172,0,1
제6회 전국동시지방선거,20140604,전라북도,남원시,운봉읍,2,4141,0,4,3615,0,4,1726,0,0,1889,0,4,8,0,6,0,2,0,2
제6회 전국동시지방선거,20140604,전라북도,남원시,주천면,2,2638,0,2,2301,0,2,1127,0,0,1174,0,2,28,0,21,0,7,0,3
제6회 전국동시지방선거,20140604,전라북도,남원시,수지면,1,1291,0,0,1146,0,0,548,0,0,598,0,0,6,0,3,0,3,0,4
제6회 전국동시지방선거,20140604,전라북도,남원시,송동면,1,2409,0,2,2127,0,2,1034,0,0,1093,0,2,8,0,7,0,1,0,5
제6회 전국동시지방선거,20140604,전라북도,남원시,주생면,1,2008,2,0,1789,2,0,833,1,0,956,1,0,2,0,1,0,1,0,6
제6회 전국동시지방선거,20140604,전라북도,남원시,금지면,1,2644,1,2,2348,1,2,1101,1,0,1247,0,2,4,0,2,0,2,0,7
제6회 전국동시지방선거,20140604,전라북도,남원시,대강면,1,1864,0,1,1716,0,1,791,0,0,925,0,1,8,0,3,0,5,0,8
제6회 전국동시지방선거,20140604,전라북도,남원시,대산면,1,1786,0,0,1623,0,0,800,0,0,823,0,0,44,0,14,0,30,0,9
제6회 전국동시지방선거,20140604,전라북도,남원시,사매면,1,1746,0,0,1579,0,0,789,0,0,790,0,0,44,0,21,0,23,0,10
제6회 전국동시지방선거,20140604,전라북도,남원시,덕과면,1,1047,0,0,948,0,0,477,0,0,471,0,0,1,0,1,0,0,0,11
제6회 전국동시지방선거,20140604,전라북도,남원시,보절면,1,1764,0,2,1584,0,2,801,0,0,783,0,2,49,0,14,0,35,0,12
제6회 전국동시지방선거,20140604,전라북도,남원시,산동면,1,2032,0,0,1807,0,0,882,0,0,925,0,0,10,0,3,0,7,0,13
제6회 전국동시지방선거,20140604,전라북도,남원시,이백면,1,2529,0,2,2201,0,1,1095,0,0,1106,0,1,16,0,7,0,9,0,14
제6회 전국동시지방선거,20140604,전라북도,남원시,인월면,1,2941,1,2,2525,1,2,1214,1,0,1311,0,2,20,0,7,0,13,0,15
제6회 전국동시지방선거,20140604,전라북도,남원시,아영면,1,2121,0,1,1858,0,1,904,0,0,954,0,1,5,0,4,0,1,0,16
제6회 전국동시지방선거,20140604,전라북도,남원시,산내면,1,2246,5,2,1906,1,2,922,0,0,984,1,2,9,0,5,0,4,0,17
제6회 전국동시지방선거,20140604,전라북도,남원시,동충동,1,3908,1,4,3143,1,4,1522,1,2,1621,0,2,8,0,3,0,5,0,18
제6회 전국동시지방선거,20140604,전라북도,남원시,죽항동,1,4377,2,10,3632,2,10,1723,1,3,1909,1,7,7,0,3,0,4,0,19
제6회 전국동시지방선거,20140604,전라북도,남원시,노암동,2,5363,1,5,4165,1,5,1987,1,0,2178,0,5,13,0,11,0,2,0,20
제6회 전국동시지방선거,20140604,전라북도,남원시,금동,2,7066,1,6,5410,1,6,2569,0,0,2841,1,6,6,0,4,0,2,0,21
제6회 전국동시지방선거,20140604,전라북도,남원시,왕정동,2,4568,2,5,3761,2,5,1822,0,0,1939,2,5,14,0,13,0,1,0,22
제6회 전국동시지방선거,20140604,전라북도,남원시,향교동,3,8465,1,4,6869,1,4,3454,1,0,3415,0,4,16,0,8,0,8,0,23
제6회 전국동시지방선거,20140604,전라북도,남원시,도통동,4,17333,2,2,12358,2,2,5927,1,0,6431,1,2,34,0,27,0,7,0,24
제6회 전국동시지방선거,20140604,전라북도,무주군,합계,13,25598,12,19,21786,12,19,10662,6,2,11124,6,17,441,0,148,0,293,0,1
제6회 전국동시지방선거,20140604,전라북도,무주군,무주읍,3,9693,1,13,7723,1,13,3770,1,2,3953,0,11,184,0,55,0,129,0,2
제6회 전국동시지방선거,20140604,전라북도,무주군,무풍면,2,2410,1,2,2168,1,2,1063,0,0,1105,1,2,49,0,19,0,30,0,3
제6회 전국동시지방선거,20140604,전라북도,무주군,설천면,2,4510,3,3,3829,3,3,1882,1,0,1947,2,3,44,0,17,0,27,0,4
제6회 전국동시지방선거,20140604,전라북도,무주군,적상면,3,2804,0,0,2535,0,0,1246,0,0,1289,0,0,72,0,27,0,45,0,5
제6회 전국동시지방선거,20140604,전라북도,무주군,안성면,2,4671,7,1,4151,7,1,2029,4,0,2122,3,1,70,0,25,0,45,0,6
제6회 전국동시지방선거,20140604,전라북도,무주군,부남면,1,1510,0,0,1380,0,0,672,0,0,708,0,0,22,0,5,0,17,0,7
제6회 전국동시지방선거,20140604,전라북도,부안군,합계,32,58225,19,28,49599,16,28,24313,5,4,25286,11,24,303,0,146,0,157,0,1
제6회 전국동시지방선거,20140604,전라북도,부안군,부안읍,7,21404,6,12,16710,6,12,8081,2,4,8629,4,8,87,0,47,0,40,0,2
제6회 전국동시지방선거,20140604,전라북도,부안군,주산면,1,2376,2,2,2161,1,2,1000,1,0,1161,0,2,42,0,7,0,35,0,3
제6회 전국동시지방선거,20140604,전라북도,부안군,동진면,3,3544,2,1,3217,2,1,1605,0,0,1612,2,1,14,0,8,0,6,0,4
제6회 전국동시지방선거,20140604,전라북도,부안군,행안면,1,2574,1,0,2275,1,0,1157,0,0,1118,1,0,25,0,10,0,15,0,5
제6회 전국동시지방선거,20140604,전라북도,부안군,계화면,4,4354,3,2,3913,2,2,1959,0,0,1954,2,2,24,0,13,0,11,0,6
제6회 전국동시지방선거,20140604,전라북도,부안군,보안면,2,2843,0,0,2616,0,0,1284,0,0,1332,0,0,11,0,9,0,2,0,7
제6회 전국동시지방선거,20140604,전라북도,부안군,변산면,2,5065,1,7,4310,1,7,2173,1,0,2137,0,7,7,0,5,0,2,0,8
제6회 전국동시지방선거,20140604,전라북도,부안군,진서면,2,2635,1,0,2318,1,0,1156,0,0,1162,1,0,21,0,8,0,13,0,9
제6회 전국동시지방선거,20140604,전라북도,부안군,백산면,2,3123,0,1,2847,0,1,1374,0,0,1473,0,1,17,0,8,0,9,0,10
제6회 전국동시지방선거,20140604,전라북도,부안군,상서면,1,2535,1,0,2274,0,0,1117,0,0,1157,0,0,14,0,7,0,7,0,11
제6회 전국동시지방선거,20140604,전라북도,부안군,하서면,3,3274,0,3,2944,0,3,1416,0,0,1528,0,3,18,0,10,0,8,0,12
제6회 전국동시지방선거,20140604,전라북도,부안군,줄포면,2,3184,2,0,2802,2,0,1352,1,0,1450,1,0,15,0,8,0,7,0,13
제6회 전국동시지방선거,20140604,전라북도,부안군,위도면,2,1314,0,0,1212,0,0,639,0,0,573,0,0,8,0,6,0,2,0,14
제6회 전국동시지방선거,20140604,전라북도,순창군,합계,18,29952,8,34,25497,8,34,12193,4,3,13304,4,31,259,0,105,0,154,0,1
제6회 전국동시지방선거,20140604,전라북도,순창군,순창읍,3,10216,5,13,7928,5,13,3802,3,3,4126,2,10,68,0,27,0,41,0,2
제6회 전국동시지방선거,20140604,전라북도,순창군,인계면,1,1748,0,5,1553,0,5,750,0,0,803,0,5,15,0,4,0,11,0,3
제6회 전국동시지방선거,20140604,전라북도,순창군,동계면,2,2316,0,0,2082,0,0,979,0,0,1103,0,0,17,0,8,0,9,0,4
제6회 전국동시지방선거,20140604,전라북도,순창군,적성면,1,1407,0,0,1288,0,0,610,0,0,678,0,0,14,0,6,0,8,0,5
제6회 전국동시지방선거,20140604,전라북도,순창군,유등면,1,1323,1,1,1185,1,1,557,0,0,628,1,1,17,0,3,0,14,0,6
제6회 전국동시지방선거,20140604,전라북도,순창군,풍산면,2,1965,0,1,1749,0,1,839,0,0,910,0,1,34,0,9,0,25,0,7
제6회 전국동시지방선거,20140604,전라북도,순창군,금과면,1,1810,0,8,1646,0,8,791,0,0,855,0,8,18,0,10,0,8,0,8
제6회 전국동시지방선거,20140604,전라북도,순창군,팔덕면,1,1698,1,4,1505,1,4,716,1,0,789,0,4,19,0,9,0,10,0,9
제6회 전국동시지방선거,20140604,전라북도,순창군,복흥면,2,2424,0,0,2118,0,0,1001,0,0,1117,0,0,28,0,17,0,11,0,10
제6회 전국동시지방선거,20140604,전라북도,순창군,쌍치면,2,2307,1,1,2004,1,1,973,0,0,1031,1,1,8,0,4,0,4,0,11
제6회 전국동시지방선거,20140604,전라북도,순창군,구림면,2,2738,0,1,2439,0,1,1175,0,0,1264,0,1,21,0,8,0,13,0,12
제6회 전국동시지방선거,20140604,전라북도,완주군,합계,34,87794,43,35,70666,40,35,36011,20,5,34655,20,30,233,0,145,0,88,0,1
제6회 전국동시지방선거,20140604,전라북도,완주군,삼례읍,4,15302,8,6,12518,8,6,6360,4,1,6158,4,5,31,0,18,0,13,0,2
제6회 전국동시지방선거,20140604,전라북도,완주군,봉동읍,6,26105,7,10,18865,7,10,9699,3,2,9166,4,8,32,0,19,0,13,0,3
제6회 전국동시지방선거,20140604,전라북도,완주군,용진면,4,7702,5,5,6355,5,5,3242,2,1,3113,3,4,18,0,12,0,6,0,4
제6회 전국동시지방선거,20140604,전라북도,완주군,상관면,2,4961,3,0,3937,3,0,1978,2,0,1959,1,0,9,0,5,0,4,0,5
제6회 전국동시지방선거,20140604,전라북도,완주군,이서면,3,7516,3,2,5918,3,2,3008,0,0,2910,3,2,20,0,15,0,5,0,6
제6회 전국동시지방선거,20140604,전라북도,완주군,소양면,4,6396,6,5,5624,5,5,2876,2,1,2748,3,4,53,0,28,0,25,0,7
제6회 전국동시지방선거,20140604,전라북도,완주군,구이면,3,5722,1,4,4980,1,4,2487,1,0,2493,0,4,11,0,10,0,1,0,8
제6회 전국동시지방선거,20140604,전라북도,완주군,고산면,2,4786,4,2,4186,4,2,2133,2,0,2053,2,2,31,0,21,0,10,0,9
제6회 전국동시지방선거,20140604,전라북도,완주군,비봉면,2,2108,1,1,1856,1,1,955,1,0,901,0,1,5,0,3,0,2,0,10
제6회 전국동시지방선거,20140604,전라북도,완주군,운주면,1,2024,0,0,1863,0,0,920,0,0,943,0,0,1,0,1,0,0,0,11
제6회 전국동시지방선거,20140604,전라북도,완주군,화산면,1,2991,4,0,2586,2,0,1354,2,0,1232,0,0,18,0,12,0,6,0,12
제6회 전국동시지방선거,20140604,전라북도,완주군,동상면,1,1155,1,0,1035,1,0,526,1,0,509,0,0,1,0,0,0,1,0,13
제6회 전국동시지방선거,20140604,전라북도,완주군,경천면,1,1026,0,0,943,0,0,473,0,0,470,0,0,3,0,1,0,2,0,14
제6회 전국동시지방선거,20140604,전라북도,익산시,합계,86,305739,170,248,244122,153,248,120885,60,87,123237,93,161,836,0,504,0,332,0,1
제6회 전국동시지방선거,20140604,전라북도,익산시,함열읍,2,8116,5,16,6785,4,16,3342,1,7,3443,3,9,24,0,17,0,7,0,2
제6회 전국동시지방선거,20140604,전라북도,익산시,오산면,3,9099,3,5,7492,1,5,3749,1,0,3743,0,5,10,0,8,0,2,0,3
제6회 전국동시지방선거,20140604,전라북도,익산시,황등면,3,8538,4,8,7310,4,8,3678,3,0,3632,1,8,17,0,12,0,5,0,4
제6회 전국동시지방선거,20140604,전라북도,익산시,함라면,1,2503,0,0,2235,0,0,1092,0,0,1143,0,0,6,0,1,0,5,0,5
제6회 전국동시지방선거,20140604,전라북도,익산시,웅포면,1,1842,6,0,1676,5,0,857,3,0,819,2,0,4,0,3,0,1,0,6
제6회 전국동시지방선거,20140604,전라북도,익산시,성당면,1,2249,0,4,2014,0,4,1027,0,0,987,0,4,3,0,0,0,3,0,7
제6회 전국동시지방선거,20140604,전라북도,익산시,용안면,1,3096,3,0,2762,3,0,1402,2,0,1360,1,0,19,0,10,0,9,0,8
제6회 전국동시지방선거,20140604,전라북도,익산시,낭산면,1,3462,1,2,3090,1,2,1589,0,0,1501,1,2,12,0,6,0,6,0,9
제6회 전국동시지방선거,20140604,전라북도,익산시,망성면,1,3474,0,0,3140,0,0,1559,0,0,1581,0,0,7,0,5,0,2,0,10
제6회 전국동시지방선거,20140604,전라북도,익산시,여산면,1,3800,2,4,3303,2,4,1652,1,2,1651,1,2,9,0,5,0,4,0,11
제6회 전국동시지방선거,20140604,전라북도,익산시,금마면,2,5641,4,0,4846,4,0,2679,0,0,2167,4,0,50,0,26,0,24,0,12
제6회 전국동시지방선거,20140604,전라북도,익산시,왕궁면,3,5512,1,5,4974,1,5,2517,1,0,2457,0,5,205,0,62,0,143,0,13
제6회 전국동시지방선거,20140604,전라북도,익산시,춘포면,3,5279,0,0,4561,0,0,2368,0,0,2193,0,0,14,0,11,0,3,0,14
제6회 전국동시지방선거,20140604,전라북도,익산시,삼기면,1,2946,1,2,2635,1,2,1359,1,0,1276,0,2,12,0,9,0,3,0,15
제6회 전국동시지방선거,20140604,전라북도,익산시,용동면,1,1871,3,1,1670,3,1,830,1,0,840,2,1,7,0,4,0,3,0,16
제6회 전국동시지방선거,20140604,전라북도,익산시,중앙동,2,4396,11,32,3925,9,32,1990,4,17,1935,5,15,16,0,10,0,6,0,17
제6회 전국동시지방선거,20140604,전라북도,익산시,평화동,2,5441,0,10,4553,0,10,2348,0,4,2205,0,6,10,0,4,0,6,0,18
제6회 전국동시지방선거,20140604,전라북도,익산시,인화동,2,7580,9,24,6572,9,24,3380,3,12,3192,6,12,18,0,12,0,6,0,19
제6회 전국동시지방선거,20140604,전라북도,익산시,동산동,6,24946,16,16,19657,15,16,9646,6,7,10011,9,9,39,0,32,0,7,0,20
제6회 전국동시지방선거,20140604,전라북도,익산시,마동,3,11405,4,12,9411,4,12,4708,0,7,4703,4,5,16,0,16,0,0,0,21
제6회 전국동시지방선거,20140604,전라북도,익산시,남중동,4,13967,5,11,11954,5,11,6059,2,4,5895,3,7,20,0,16,0,4,0,22
제6회 전국동시지방선거,20140604,전라북도,익산시,모현동,9,37196,9,26,28686,9,26,13811,4,9,14875,5,17,65,0,50,0,15,0,23
제6회 전국동시지방선거,20140604,전라북도,익산시,송학동,3,8618,2,2,6696,2,2,3327,2,1,3369,0,1,10,0,6,0,4,0,24
제6회 전국동시지방선거,20140604,전라북도,익산시,신동,4,14562,15,11,12637,14,11,6333,6,6,6304,8,5,32,0,26,0,6,0,25
제6회 전국동시지방선거,20140604,전라북도,익산시,영등1동,7,27591,21,11,21503,18,11,10567,7,4,10936,11,7,41,0,39,0,2,0,26
제6회 전국동시지방선거,20140604,전라북도,익산시,영등2동,3,16563,5,13,11481,5,13,5471,2,1,6010,3,12,24,0,17,0,7,0,27
제6회 전국동시지방선거,20140604,전라북도,익산시,어양동,6,23533,14,21,17082,13,21,8149,5,4,8933,8,17,28,0,24,0,4,0,28
제6회 전국동시지방선거,20140604,전라북도,익산시,팔봉동,2,7272,12,2,5708,8,2,2899,2,1,2809,6,1,52,0,22,0,30,0,29
제6회 전국동시지방선거,20140604,전라북도,익산시,삼성동,8,35241,14,10,25764,13,10,12497,3,1,13267,10,9,66,0,51,0,15,0,30
제6회 전국동시지방선거,20140604,전라북도,임실군,합계,20,29995,16,17,26103,16,17,13143,7,5,12960,9,12,201,0,78,0,123,0,1
제6회 전국동시지방선거,20140604,전라북도,임실군,임실읍,3,7150,3,3,5819,3,3,2987,2,1,2832,1,2,30,0,14,0,16,0,2
제6회 전국동시지방선거,20140604,전라북도,임실군,청웅면,1,1516,2,0,1377,2,0,705,1,0,672,1,0,7,0,4,0,3,0,3
제6회 전국동시지방선거,20140604,전라북도,임실군,운암면,3,1847,4,0,1617,4,0,804,1,0,813,3,0,11,0,5,0,6,0,4
제6회 전국동시지방선거,20140604,전라북도,임실군,신평면,1,1753,1,1,1538,1,1,787,0,1,751,1,0,3,0,2,0,1,0,5
제6회 전국동시지방선거,20140604,전라북도,임실군,성수면,2,1798,0,0,1632,0,0,823,0,0,809,0,0,9,0,4,0,5,0,6
제6회 전국동시지방선거,20140604,전라북도,임실군,오수면,2,4454,1,10,3876,1,10,1882,1,2,1994,0,8,15,0,8,0,7,0,7
제6회 전국동시지방선거,20140604,전라북도,임실군,신덕면,1,1453,0,0,1303,0,0,689,0,0,614,0,0,14,0,5,0,9,0,8
제6회 전국동시지방선거,20140604,전라북도,임실군,삼계면,1,1703,2,0,1567,2,0,764,1,0,803,1,0,31,0,8,0,23,0,9
제6회 전국동시지방선거,20140604,전라북도,임실군,관촌면,2,3836,2,0,3377,2,0,1738,1,0,1639,1,0,40,0,11,0,29,0,10
제6회 전국동시지방선거,20140604,전라북도,임실군,강진면,1,1792,0,1,1581,0,1,802,0,1,779,0,0,13,0,3,0,10,0,11
제6회 전국동시지방선거,20140604,전라북도,임실군,덕치면,2,1280,0,1,1151,0,1,549,0,0,602,0,1,20,0,11,0,9,0,12
제6회 전국동시지방선거,20140604,전라북도,임실군,지사면,1,1413,1,1,1265,1,1,613,0,0,652,1,1,8,0,3,0,5,0,13
제6회 전국동시지방선거,20140604,전라북도,장수군,합계,11,23541,8,24,20087,8,24,9855,6,2,10232,2,22,170,0,77,0,93,0,1
제6회 전국동시지방선거,20140604,전라북도,장수군,장수읍,3,7496,0,9,6101,0,9,2972,0,0,3129,0,9,44,0,21,0,23,0,2
제6회 전국동시지방선거,20140604,전라북도,장수군,산서면,1,2545,1,4,2217,1,4,1069,1,0,1148,0,4,28,0,10,0,18,0,3
제6회 전국동시지방선거,20140604,전라북도,장수군,번암면,2,2545,0,0,2292,0,0,1127,0,0,1165,0,0,24,0,9,0,15,0,4
제6회 전국동시지방선거,20140604,전라북도,장수군,장계면,2,4654,4,3,3906,4,3,1935,2,2,1971,2,1,24,0,18,0,6,0,5
제6회 전국동시지방선거,20140604,전라북도,장수군,천천면,1,2303,0,5,2083,0,5,1019,0,0,1064,0,5,31,0,9,0,22,0,6
제6회 전국동시지방선거,20140604,전라북도,장수군,계남면,1,2340,3,1,2024,3,1,1021,3,0,1003,0,1,18,0,9,0,9,0,7
제6회 전국동시지방선거,20140604,전라북도,장수군,계북면,1,1658,0,2,1464,0,2,712,0,0,752,0,2,1,0,1,0,0,0,8
제6회 전국동시지방선거,20140604,전라북도,전주시덕진구,합계,67,285795,184,83,221516,169,83,109209,76,16,112307,93,67,577,0,374,0,203,0,1
제6회 전국동시지방선거,20140604,전라북도,전주시덕진구,진북동,5,17106,21,1,14435,21,1,7083,12,1,7352,9,0,41,0,31,0,10,0,2
제6회 전국동시지방선거,20140604,전라북도,전주시덕진구,인후1동,4,20754,11,3,15595,9,3,7379,3,0,8216,6,3,39,0,26,0,13,0,3
제6회 전국동시지방선거,20140604,전라북도,전주시덕진구,인후2동,4,12275,8,0,10461,8,0,5291,4,0,5170,4,0,26,0,15,0,11,0,4
제6회 전국동시지방선거,20140604,전라북도,전주시덕진구,인후3동,7,36916,25,9,26860,22,9,12854,6,2,14006,16,7,46,0,32,0,14,0,5
제6회 전국동시지방선거,20140604,전라북도,전주시덕진구,덕진동,4,18948,10,10,15305,10,10,7680,5,3,7625,5,7,32,0,20,0,12,0,6
제6회 전국동시지방선거,20140604,전라북도,전주시덕진구,금암1동,2,7782,11,3,6956,11,3,3737,6,1,3219,5,2,17,0,13,0,4,0,7
제6회 전국동시지방선거,20140604,전라북도,전주시덕진구,금암2동,3,11510,13,12,9798,10,12,4854,5,3,4944,5,9,20,0,16,0,4,0,8
제6회 전국동시지방선거,20140604,전라북도,전주시덕진구,팔복동,3,10643,8,4,8972,6,4,4855,3,0,4117,3,4,56,0,38,0,18,0,9
제6회 전국동시지방선거,20140604,전라북도,전주시덕진구,우아1동,3,12397,9,3,10081,8,3,5024,3,0,5057,5,3,26,0,20,0,6,0,10
제6회 전국동시지방선거,20140604,전라북도,전주시덕진구,우아2동,4,15684,8,7,12508,8,7,6268,4,0,6240,4,7,30,0,20,0,10,0,11
제6회 전국동시지방선거,20140604,전라북도,전주시덕진구,호성동,5,23807,20,7,17889,19,7,8559,9,1,9330,10,6,34,0,25,0,9,0,12
제6회 전국동시지방선거,20140604,전라북도,전주시덕진구,송천1동,8,39597,17,7,27959,14,7,13528,6,2,14431,8,5,89,0,48,0,41,0,13
제6회 전국동시지방선거,20140604,전라북도,전주시덕진구,송천2동,7,28927,12,6,21744,12,6,10580,5,1,11164,7,5,35,0,26,0,9,0,14
제6회 전국동시지방선거,20140604,전라북도,전주시덕진구,조촌동,3,10560,4,3,8560,4,3,4316,2,1,4244,2,2,40,0,22,0,18,0,15
제6회 전국동시지방선거,20140604,전라북도,전주시덕진구,동산동,5,18889,7,8,14393,7,8,7201,3,1,7192,4,7,46,0,22,0,24,0,16
제6회 전국동시지방선거,20140604,전라북도,전주시완산구,합계,84,365595,230,133,283872,218,133,136557,91,41,147315,127,92,753,0,534,0,219,0,1
제6회 전국동시지방선거,20140604,전라북도,전주시완산구,중앙동,3,10355,13,34,9059,13,34,4575,6,17,4484,7,17,20,0,8,0,12,0,2
제6회 전국동시지방선거,20140604,전라북도,전주시완산구,풍남동,2,6235,4,4,5549,4,4,2800,3,2,2749,1,2,22,0,16,0,6,0,3
제6회 전국동시지방선거,20140604,전라북도,전주시완산구,노송동,5,14065,14,4,12311,12,4,6108,3,1,6203,9,3,30,0,22,0,8,0,4
제6회 전국동시지방선거,20140604,전라북도,전주시완산구,완산동,2,6212,1,0,5336,1,0,2682,0,0,2654,1,0,13,0,10,0,3,0,5
제6회 전국동시지방선거,20140604,전라북도,전주시완산구,동서학동,3,7992,4,1,6776,4,1,3410,1,0,3366,3,1,61,0,34,0,27,0,6
제6회 전국동시지방선거,20140604,전라북도,전주시완산구,서서학동,3,11009,5,5,9172,5,5,4485,3,1,4687,2,4,21,0,11,0,10,0,7
제6회 전국동시지방선거,20140604,전라북도,전주시완산구,중화산1동,3,15566,20,10,12638,20,10,6042,10,3,6596,10,7,30,0,26,0,4,0,8
제6회 전국동시지방선거,20140604,전라북도,전주시완산구,중화산2동,4,20932,23,6,15594,18,6,7606,11,1,7988,7,5,35,0,26,0,9,0,9
제6회 전국동시지방선거,20140604,전라북도,전주시완산구,평화1동,3,14977,6,6,12486,6,6,5850,2,1,6636,4,5,33,0,22,0,11,0,10
제6회 전국동시지방선거,20140604,전라북도,전주시완산구,평화2동,9,46634,17,11,35061,17,11,16559,6,3,18502,11,8,87,0,61,0,26,0,11
제6회 전국동시지방선거,20140604,전라북도,전주시완산구,서신동,10,46339,26,12,34455,26,12,16501,10,2,17954,16,10,71,0,53,0,18,0,12
제6회 전국동시지방선거,20140604,전라북도,전주시완산구,삼천1동,3,13941,14,4,11063,12,4,5240,3,1,5823,9,3,21,0,16,0,5,0,13
제6회 전국동시지방선거,20140604,전라북도,전주시완산구,삼천2동,4,17768,11,7,14054,10,7,6721,4,1,7333,6,6,37,0,28,0,9,0,14
제6회 전국동시지방선거,20140604,전라북도,전주시완산구,삼천3동,6,24984,14,2,18787,13,2,8945,6,0,9842,7,2,71,0,49,0,22,0,15
제6회 전국동시지방선거,20140604,전라북도,전주시완산구,효자1동,3,14290,15,5,11638,14,5,5502,4,1,6136,10,4,33,0,19,0,14,0,16
제6회 전국동시지방선거,20140604,전라북도,전주시완산구,효자2동,3,12624,8,4,10300,8,4,4927,5,0,5373,3,4,34,0,26,0,8,0,17
제6회 전국동시지방선거,20140604,전라북도,전주시완산구,효자3동,4,17305,5,5,13529,5,5,6366,3,1,7163,2,4,34,0,28,0,6,0,18
제6회 전국동시지방선거,20140604,전라북도,전주시완산구,효자4동,14,64367,30,13,46064,30,13,22238,11,6,23826,19,7,100,0,79,0,21,0,19
제6회 전국동시지방선거,20140604,전라북도,정읍시,합계,49,118000,52,72,96960,51,72,47351,18,20,49609,33,52,516,0,256,0,260,0,1
제6회 전국동시지방선거,20140604,전라북도,정읍시,신태인읍,3,6667,0,17,5756,0,17,2755,0,4,3001,0,13,36,0,15,0,21,0,2
제6회 전국동시지방선거,20140604,전라북도,정읍시,북면,2,5082,0,2,4281,0,2,2130,0,0,2151,0,2,15,0,9,0,6,0,3
제6회 전국동시지방선거,20140604,전라북도,정읍시,입암면,2,3440,1,3,3065,1,3,1495,0,2,1570,1,1,36,0,14,0,22,0,4
제6회 전국동시지방선거,20140604,전라북도,정읍시,소성면,1,2417,1,0,2219,1,0,1108,0,0,1111,1,0,7,0,5,0,2,0,5
제6회 전국동시지방선거,20140604,전라북도,정읍시,고부면,2,3335,0,1,3050,0,1,1520,0,0,1530,0,1,15,0,5,0,10,0,6
제6회 전국동시지방선거,20140604,전라북도,정읍시,영원면,2,2169,0,1,1959,0,1,941,0,0,1018,0,1,42,0,18,0,24,0,7
제6회 전국동시지방선거,20140604,전라북도,정읍시,덕천면,2,2168,0,1,1907,0,1,959,0,0,948,0,1,13,0,7,0,6,0,8
제6회 전국동시지방선거,20140604,전라북도,정읍시,이평면,2,2686,1,0,2406,1,0,1173,0,0,1233,1,0,28,0,16,0,12,0,9
제6회 전국동시지방선거,20140604,전라북도,정읍시,정우면,2,3053,2,0,2728,2,0,1351,0,0,1377,2,0,10,0,1,0,9,0,10
제6회 전국동시지방선거,20140604,전라북도,정읍시,태인면,2,4260,2,5,3786,2,5,1904,2,1,1882,0,4,18,0,10,0,8,0,11
제6회 전국동시지방선거,20140604,전라북도,정읍시,감곡면,1,3226,4,0,2989,4,0,1467,2,0,1522,2,0,35,0,16,0,19,0,12
제6회 전국동시지방선거,20140604,전라북도,정읍시,옹동면,1,2017,1,0,1805,1,0,889,0,0,916,1,0,25,0,11,0,14,0,13
제6회 전국동시지방선거,20140604,전라북도,정읍시,칠보면,2,2790,1,1,2362,1,1,1138,0,0,1224,1,1,12,0,3,0,9,0,14
제6회 전국동시지방선거,20140604,전라북도,정읍시,산내면,1,1485,0,1,1341,0,1,657,0,0,684,0,1,7,0,3,0,4,0,15
제6회 전국동시지방선거,20140604,전라북도,정읍시,산외면,1,2453,1,0,2191,1,0,1092,0,0,1099,1,0,14,0,7,0,7,0,16
제6회 전국동시지방선거,20140604,전라북도,정읍시,수성동,5,18867,14,12,13992,13,12,6883,6,6,7109,7,6,45,0,29,0,16,0,17
제6회 전국동시지방선거,20140604,전라북도,정읍시,장명동,1,3798,5,2,2951,5,2,1413,1,0,1538,4,2,7,0,3,0,4,0,18
제6회 전국동시지방선거,20140604,전라북도,정읍시,내장상동,6,21051,4,11,15875,4,11,7595,0,3,8280,4,8,63,0,37,0,26,0,19
제6회 전국동시지방선거,20140604,전라북도,정읍시,시기동,2,4340,1,4,3623,1,4,1720,1,3,1903,0,1,10,0,4,0,6,0,20
제6회 전국동시지방선거,20140604,전라북도,정읍시,초산동,3,8493,7,3,6640,7,3,3188,2,0,3452,5,3,18,0,11,0,7,0,21
제6회 전국동시지방선거,20140604,전라북도,정읍시,연지동,2,5116,1,3,4369,1,3,2206,1,1,2163,0,2,23,0,11,0,12,0,22
제6회 전국동시지방선거,20140604,전라북도,정읍시,농소동,2,4883,1,3,4029,1,3,1941,0,0,2088,1,3,11,0,6,0,5,0,23
제6회 전국동시지방선거,20140604,전라북도,정읍시,상교동,2,4204,5,2,3636,5,2,1826,3,0,1810,2,2,26,0,15,0,11,0,24
제6회 전국동시지방선거,20140604,전라북도,진안군,합계,13,27100,8,17,23289,8,17,11572,2,0,11717,6,17,171,0,62,0,109,0,1
제6회 전국동시지방선거,20140604,전라북도,진안군,진안읍,3,10905,3,5,9015,3,5,4491,2,0,4524,1,5,72,0,22,0,50,0,2
제6회 전국동시지방선거,20140604,전라북도,진안군,용담면,1,867,1,2,785,1,2,367,0,0,418,1,2,6,0,3,0,3,0,3
제6회 전국동시지방선거,20140604,전라북도,진안군,안천면,1,1117,0,1,968,0,1,459,0,0,509,0,1,7,0,2,0,5,0,4
제6회 전국동시지방선거,20140604,전라북도,진안군,동향면,1,1557,0,0,1380,0,0,656,0,0,724,0,0,12,0,4,0,8,0,5
제6회 전국동시지방선거,20140604,전라북도,진안군,상전면,1,936,0,0,851,0,0,435,0,0,416,0,0,7,0,5,0,2,0,6
제6회 전국동시지방선거,20140604,전라북도,진안군,백운면,1,2079,0,2,1834,0,2,921,0,0,913,0,2,33,0,8,0,25,0,7
제6회 전국동시지방선거,20140604,전라북도,진안군,성수면,1,1933,1,3,1717,1,3,838,0,0,879,1,3,6,0,3,0,3,0,8
제6회 전국동시지방선거,20140604,전라북도,진안군,마령면,1,2058,0,0,1820,0,0,930,0,0,890,0,0,7,0,5,0,2,0,9
제6회 전국동시지방선거,20140604,전라북도,진안군,부귀면,1,2857,2,1,2451,2,1,1249,0,0,1202,2,1,13,0,6,0,7,0,10
제6회 전국동시지방선거,20140604,전라북도,진안군,정천면,1,1170,0,0,1013,0,0,514,0,0,499,0,0,3,0,2,0,1,0,11
제6회 전국동시지방선거,20140604,전라북도,진안군,주천면,1,1621,1,3,1455,1,3,712,0,0,743,1,3,5,0,2,0,3,0,12
제7회 전국동시지방선거,20180613,강원도,강릉시,합계,63,213418,153,156,179767,142,156,88326,64,61,91441,78,95,381,0,270,0,111,0,1
제7회 전국동시지방선거,20180613,강원도,강릉시,주문진읍,6,17173,9,19,15388,8,19,7458,4,7,7930,4,12,20,0,17,0,3,0,2
제7회 전국동시지방선거,20180613,강원도,강릉시,성산면,2,3413,0,4,3068,0,4,1558,0,1,1510,0,3,5,0,4,0,1,0,3
제7회 전국동시지방선거,20180613,강원도,강릉시,왕산면,3,1693,0,0,1599,0,0,847,0,0,752,0,0,4,0,4,0,0,0,4
제7회 전국동시지방선거,20180613,강원도,강릉시,구정면,2,4062,2,1,3636,2,1,1838,2,0,1798,0,1,8,0,6,0,2,0,5
제7회 전국동시지방선거,20180613,강원도,강릉시,강동면,2,4706,2,1,4331,1,1,2278,1,1,2053,0,0,54,0,19,0,35,0,6
제7회 전국동시지방선거,20180613,강원도,강릉시,옥계면,2,3907,1,1,3554,1,1,1792,0,1,1762,1,0,14,0,5,0,9,0,7
제7회 전국동시지방선거,20180613,강원도,강릉시,사천면,2,4662,6,5,4175,6,5,2152,1,0,2023,5,5,7,0,4,0,3,0,8
제7회 전국동시지방선거,20180613,강원도,강릉시,연곡면,2,6893,13,1,5921,12,1,2935,5,0,2986,7,1,9,0,4,0,5,0,9
제7회 전국동시지방선거,20180613,강원도,강릉시,홍제동,2,11025,4,16,8887,4,16,4320,0,7,4567,4,9,12,0,7,0,5,0,10
제7회 전국동시지방선거,20180613,강원도,강릉시,중앙동,2,5628,11,11,5094,10,11,2410,4,8,2684,6,3,15,0,10,0,5,0,11
제7회 전국동시지방선거,20180613,강원도,강릉시,옥천동,1,3824,1,9,3479,1,9,1753,1,4,1726,0,5,8,0,7,0,1,0,12
제7회 전국동시지방선거,20180613,강원도,강릉시,교1동,6,28573,22,28,22703,20,28,10874,9,14,11829,11,14,44,0,37,0,7,0,13
제7회 전국동시지방선거,20180613,강원도,강릉시,교2동,3,8535,3,4,7351,3,4,3621,2,0,3730,1,4,13,0,11,0,2,0,14
제7회 전국동시지방선거,20180613,강원도,강릉시,포남1동,3,11581,3,10,10121,4,10,4980,2,4,5141,2,6,20,0,17,0,3,0,15
제7회 전국동시지방선거,20180613,강원도,강릉시,포남2동,4,14816,20,8,12579,20,8,6132,9,2,6447,11,6,18,0,16,0,2,0,16
제7회 전국동시지방선거,20180613,강원도,강릉시,초당동,2,5337,5,0,4495,4,0,2179,4,0,2316,0,0,12,0,9,0,3,0,17
제7회 전국동시지방선거,20180613,강원도,강릉시,송정동,2,7326,7,7,5947,7,7,2842,3,3,3105,4,4,10,0,7,0,3,0,18
제7회 전국동시지방선거,20180613,강원도,강릉시,내곡동,3,15089,10,7,12419,9,7,6116,4,1,6303,5,6,26,0,24,0,2,0,19
제7회 전국동시지방선거,20180613,강원도,강릉시,강남동,6,19619,18,8,16689,14,8,8325,5,3,8364,9,5,29,0,21,0,8,0,20
제7회 전국동시지방선거,20180613,강원도,강릉시,성덕동,6,29766,12,12,23182,12,12,11242,7,3,11940,5,9,43,0,35,0,8,0,21
제7회 전국동시지방선거,20180613,강원도,강릉시,경포동,2,5790,4,4,5149,4,4,2674,1,2,2475,3,2,10,0,6,0,4,0,22
제7회 전국동시지방선거,20180613,강원도,고성군,합계,23,28695,26,13,25496,23,13,13395,8,2,12101,15,11,343,0,277,0,66,0,1
제7회 전국동시지방선거,20180613,강원도,고성군,간성읍,5,7469,4,0,6256,4,0,3342,1,0,2914,3,0,130,0,119,0,11,0,2
제7회 전국동시지방선거,20180613,강원도,고성군,거진읍,6,6824,1,4,6161,1,4,3095,0,0,3066,1,4,101,0,83,0,18,0,3
제7회 전국동시지방선거,20180613,강원도,고성군,현내면,4,2519,4,1,2332,4,1,1131,2,0,1201,2,1,13,0,6,0,7,0,4
제7회 전국동시지방선거,20180613,강원도,고성군,죽왕면,4,4030,5,4,3634,5,4,1913,1,0,1721,4,4,54,0,51,0,3,0,5
제7회 전국동시지방선거,20180613,강원도,고성군,토성면,4,7853,12,4,7113,9,4,3914,4,2,3199,5,2,45,0,18,0,27,0,6
제7회 전국동시지방선거,20180613,강원도,동해시,합계,33,91829,46,44,75747,39,44,38138,12,12,37609,27,32,861,0,810,0,51,0,1
제7회 전국동시지방선거,20180613,강원도,동해시,천곡동,9,31141,20,18,24716,15,18,12161,3,5,12555,12,13,423,0,403,0,20,0,2
제7회 전국동시지방선거,20180613,강원도,동해시,송정동,2,4567,3,3,4065,3,3,2253,3,2,1812,0,1,165,0,158,0,7,0,3
제7회 전국동시지방선거,20180613,강원도,동해시,북삼동,6,20966,4,6,16221,3,6,8278,1,2,7943,2,4,157,0,152,0,5,0,4
제7회 전국동시지방선거,20180613,강원도,동해시,부곡동,3,5769,3,1,5063,3,1,2488,0,0,2575,3,1,10,0,7,0,3,0,5
제7회 전국동시지방선거,20180613,강원도,동해시,동호동,2,4283,6,3,3791,5,3,1900,1,1,1891,4,2,10,0,7,0,3,0,6
제7회 전국동시지방선거,20180613,강원도,동해시,발한동,2,4146,3,0,3721,3,0,1835,0,0,1886,3,0,39,0,37,0,2,0,7
제7회 전국동시지방선거,20180613,강원도,동해시,묵호동,2,3624,1,3,3264,1,3,1611,1,0,1653,0,3,6,0,6,0,0,0,8
제7회 전국동시지방선거,20180613,강원도,동해시,북평동,3,9981,3,8,8381,3,8,4284,1,2,4097,2,6,33,0,26,0,7,0,9
제7회 전국동시지방선거,20180613,강원도,동해시,망상동,2,4100,1,1,3649,1,1,1832,1,0,1817,0,1,10,0,7,0,3,0,10
제7회 전국동시지방선거,20180613,강원도,동해시,삼화동,2,3252,2,1,2876,2,1,1496,1,0,1380,1,1,8,0,7,0,1,0,11
제7회 전국동시지방선거,20180613,강원도,삼척시,합계,45,68768,29,51,59117,26,51,29692,9,10,29425,17,41,210,0,120,0,90,0,1
제7회 전국동시지방선거,20180613,강원도,삼척시,도계읍,8,11719,3,3,10479,2,3,5235,1,0,5244,1,3,30,0,23,0,7,0,2
제7회 전국동시지방선거,20180613,강원도,삼척시,원덕읍,4,5378,1,1,4967,1,1,2518,0,0,2449,1,1,36,0,13,0,23,0,3
제7회 전국동시지방선거,20180613,강원도,삼척시,근덕면,5,5560,2,1,5103,2,1,2546,1,0,2557,1,1,34,0,14,0,20,0,4
제7회 전국동시지방선거,20180613,강원도,삼척시,하장면,3,1389,1,6,1310,1,6,688,0,2,622,1,4,2,0,1,0,1,0,5
제7회 전국동시지방선거,20180613,강원도,삼척시,노곡면,2,738,0,0,713,0,0,381,0,0,332,0,0,16,0,5,0,11,0,6
제7회 전국동시지방선거,20180613,강원도,삼척시,미로면,3,1975,0,1,1834,0,1,927,0,0,907,0,1,6,0,3,0,3,0,7
제7회 전국동시지방선거,20180613,강원도,삼척시,가곡면,2,744,0,1,692,0,1,343,0,0,349,0,1,3,0,1,0,2,0,8
제7회 전국동시지방선거,20180613,강원도,삼척시,신기면,1,666,0,0,636,0,0,341,0,0,295,0,0,4,0,1,0,3,0,9
제7회 전국동시지방선거,20180613,강원도,삼척시,남양동,5,8188,8,8,7302,8,8,3533,1,1,3769,7,7,21,0,14,0,7,0,10
제7회 전국동시지방선거,20180613,강원도,삼척시,성내동,4,8679,2,12,7234,2,12,3542,1,5,3692,1,7,21,0,15,0,6,0,11
제7회 전국동시지방선거,20180613,강원도,삼척시,교동,4,13925,6,7,10791,6,7,5593,3,1,5198,3,6,25,0,21,0,4,0,12
제7회 전국동시지방선거,20180613,강원도,삼척시,정라동,4,9807,6,11,8056,4,11,4045,2,1,4011,2,10,12,0,9,0,3,0,13
제7회 전국동시지방선거,20180613,강원도,속초시,합계,28,81796,83,73,68234,78,73,33373,35,24,34861,43,49,233,0,203,0,30,0,1
제7회 전국동시지방선거,20180613,강원도,속초시,영랑동,2,4994,7,6,4466,6,6,2331,4,2,2135,2,4,10,0,8,0,2,0,2
제7회 전국동시지방선거,20180613,강원도,속초시,동명동,2,4440,10,9,3802,10,9,1894,5,2,1908,5,7,7,0,6,0,1,0,3
제7회 전국동시지방선거,20180613,강원도,속초시,금호동,4,6860,6,5,6009,5,5,2913,1,3,3096,4,2,21,0,13,0,8,0,4
제7회 전국동시지방선거,20180613,강원도,속초시,교동,3,10475,9,18,8812,9,18,4206,4,8,4606,5,10,36,0,30,0,6,0,5
제7회 전국동시지방선거,20180613,강원도,속초시,노학동,6,22214,19,12,18165,18,12,8881,6,5,9284,12,7,59,0,53,0,6,0,6
제7회 전국동시지방선거,20180613,강원도,속초시,조양동,7,24931,23,16,19834,21,16,9555,11,2,10279,10,14,70,0,68,0,2,0,7
제7회 전국동시지방선거,20180613,강원도,속초시,청호동,2,4514,5,4,4040,5,4,2008,3,1,2032,2,3,11,0,8,0,3,0,8
제7회 전국동시지방선거,20180613,강원도,속초시,대포동,2,3368,4,3,3106,4,3,1585,1,1,1521,3,2,19,0,17,0,2,0,9
제7회 전국동시지방선거,20180613,강원도,양구군,합계,19,23714,5,43,19596,5,43,10579,3,2,9017,2,41,330,0,258,0,72,0,1
제7회 전국동시지방선거,20180613,강원도,양구군,양구읍,8,15000,3,23,11683,3,23,6076,2,1,5607,1,22,143,0,99,0,44,0,2
제7회 전국동시지방선거,20180613,강원도,양구군,남면,4,3571,0,11,3235,0,11,1761,0,1,1474,0,10,25,0,14,0,11,0,3
제7회 전국동시지방선거,20180613,강원도,양구군,동면,3,2304,1,6,2101,1,6,1261,0,0,840,1,6,84,0,74,0,10,0,4
제7회 전국동시지방선거,20180613,강원도,양구군,방산면,3,1517,1,2,1384,1,2,844,1,0,540,0,2,70,0,66,0,4,0,5
제7회 전국동시지방선거,20180613,강원도,양구군,해안면,1,1322,0,1,1193,0,1,637,0,0,556,0,1,8,0,5,0,3,0,6
제7회 전국동시지방선거,20180613,강원도,양양군,합계,22,27329,33,30,24088,32,30,12180,12,6,11908,20,24,109,0,59,0,50,0,1
제7회 전국동시지방선거,20180613,강원도,양양군,양양읍,5,11694,9,14,9805,9,14,4919,3,5,4886,6,9,41,0,29,0,12,0,2
제7회 전국동시지방선거,20180613,강원도,양양군,서면,4,3087,1,3,2799,1,3,1439,1,0,1360,0,3,10,0,5,0,5,0,3
제7회 전국동시지방선거,20180613,강원도,양양군,손양면,2,2449,1,5,2225,1,5,1128,0,0,1097,1,5,7,0,6,0,1,0,4
제7회 전국동시지방선거,20180613,강원도,양양군,현북면,4,2693,10,0,2491,9,0,1275,3,0,1216,6,0,29,0,11,0,18,0,5
제7회 전국동시지방선거,20180613,강원도,양양군,현남면,3,3143,5,3,2910,5,3,1476,2,0,1434,3,3,17,0,6,0,11,0,6
제7회 전국동시지방선거,20180613,강원도,양양군,강현면,4,4263,7,5,3858,7,5,1943,3,1,1915,4,4,5,0,2,0,3,0,7
제7회 전국동시지방선거,20180613,강원도,영월군,합계,29,40093,30,20,35214,26,20,18046,15,4,17168,11,16,125,0,76,0,49,0,1
제7회 전국동시지방선거,20180613,강원도,영월군,영월읍,9,21762,11,6,18167,11,6,9201,5,1,8966,6,5,63,0,39,0,24,0,2
제7회 전국동시지방선거,20180613,강원도,영월군,상동읍,3,1150,0,0,1082,0,0,545,0,0,537,0,0,5,0,1,0,4,0,3
제7회 전국동시지방선거,20180613,강원도,영월군,중동면,2,1560,0,3,1468,0,3,772,0,0,696,0,3,3,0,2,0,1,0,4
제7회 전국동시지방선거,20180613,강원도,영월군,김삿갓면,2,1812,6,1,1698,3,1,865,2,0,833,1,1,3,0,1,0,2,0,5
제7회 전국동시지방선거,20180613,강원도,영월군,북면,3,2305,1,1,2147,1,1,1117,0,0,1030,1,1,5,0,4,0,1,0,6
제7회 전국동시지방선거,20180613,강원도,영월군,남면,3,2340,1,3,2187,1,3,1149,1,1,1038,0,2,18,0,10,0,8,0,7
제7회 전국동시지방선거,20180613,강원도,영월군,한반도면,2,3101,1,4,2881,1,4,1594,1,2,1287,0,2,10,0,7,0,3,0,8
제7회 전국동시지방선거,20180613,강원도,영월군,주천면,3,4011,4,0,3682,3,0,1846,3,0,1836,0,0,16,0,10,0,6,0,9
제7회 전국동시지방선거,20180613,강원도,영월군,무릉도원면,2,2052,6,2,1902,6,2,957,3,0,945,3,2,2,0,2,0,0,0,10
제7회 전국동시지방선거,20180613,강원도,원주시,합계,85,342285,270,322,278991,247,322,137344,110,109,141647,137,213,534,0,423,0,111,0,1
제7회 전국동시지방선거,20180613,강원도,원주시,문막읍,5,18548,14,22,15312,14,22,7815,9,5,7497,5,17,25,0,22,0,3,0,2
제7회 전국동시지방선거,20180613,강원도,원주시,소초면,4,9536,7,11,8299,7,11,4299,3,3,4000,4,8,8,0,5,0,3,0,3
제7회 전국동시지방선거,20180613,강원도,원주시,호저면,2,4013,3,1,3647,3,1,1889,0,0,1758,3,1,8,0,5,0,3,0,4
제7회 전국동시지방선거,20180613,강원도,원주시,지정면,2,3101,3,4,2869,3,4,1488,2,1,1381,1,3,5,0,5,0,0,0,5
제7회 전국동시지방선거,20180613,강원도,원주시,부론면,1,2392,1,4,2236,1,4,1145,0,1,1091,1,3,1,0,1,0,0,0,6
제7회 전국동시지방선거,20180613,강원도,원주시,귀래면,1,2166,2,0,2037,1,0,1039,0,0,998,1,0,5,0,3,0,2,0,7
제7회 전국동시지방선거,20180613,강원도,원주시,흥업면,3,9460,42,5,8270,37,5,4345,19,2,3925,18,3,13,0,12,0,1,0,8
제7회 전국동시지방선거,20180613,강원도,원주시,판부면,3,7271,3,2,6148,3,2,3196,2,1,2952,1,1,10,0,5,0,5,0,9
제7회 전국동시지방선거,20180613,강원도,원주시,신림면,2,3765,3,1,3525,3,1,1782,2,1,1743,1,0,13,0,10,0,3,0,10
제7회 전국동시지방선거,20180613,강원도,원주시,중앙동,1,3040,6,14,2823,6,14,1467,3,5,1356,3,9,9,0,5,0,4,0,11
제7회 전국동시지방선거,20180613,강원도,원주시,원인동,2,6013,6,9,5229,5,9,2475,2,3,2754,3,6,8,0,6,0,2,0,12
제7회 전국동시지방선거,20180613,강원도,원주시,개운동,3,14101,9,19,11729,9,19,5558,5,4,6171,4,15,27,0,18,0,9,0,13
제7회 전국동시지방선거,20180613,강원도,원주시,명륜1동,3,9582,3,13,8214,3,13,3960,2,4,4254,1,9,21,0,18,0,3,0,14
제7회 전국동시지방선거,20180613,강원도,원주시,명륜2동,4,17351,12,21,14415,11,21,6900,4,8,7515,7,13,45,0,35,0,10,0,15
제7회 전국동시지방선거,20180613,강원도,원주시,단구동,10,46785,30,40,36769,24,40,17721,9,11,19048,15,29,62,0,51,0,11,0,16
제7회 전국동시지방선거,20180613,강원도,원주시,일산동,2,8651,11,18,7501,11,18,3645,2,6,3856,9,12,15,0,12,0,3,0,17
제7회 전국동시지방선거,20180613,강원도,원주시,학성동,2,5467,4,13,4843,4,13,2414,2,5,2429,2,8,12,0,8,0,4,0,18
제7회 전국동시지방선거,20180613,강원도,원주시,단계동,5,26095,16,27,21780,15,27,10507,5,10,11273,10,17,32,0,26,0,6,0,19
제7회 전국동시지방선거,20180613,강원도,원주시,우산동,3,14892,10,13,12286,9,13,6321,4,5,5965,5,8,13,0,12,0,1,0,20
제7회 전국동시지방선거,20180613,강원도,원주시,태장1동,2,10764,4,6,8526,4,6,4262,4,1,4264,0,5,24,0,21,0,3,0,21
제7회 전국동시지방선거,20180613,강원도,원주시,태장2동,6,24543,7,20,19864,7,20,9839,4,8,10025,3,12,44,0,29,0,15,0,22
제7회 전국동시지방선거,20180613,강원도,원주시,봉산동,3,9262,5,7,7964,4,7,3935,0,2,4029,4,5,22,0,19,0,3,0,23
제7회 전국동시지방선거,20180613,강원도,원주시,행구동,2,8197,14,1,6563,13,1,3171,8,1,3392,5,0,16,0,13,0,3,0,24
제7회 전국동시지방선거,20180613,강원도,원주시,무실동,6,35780,25,34,27296,23,34,13173,6,14,14123,17,20,44,0,40,0,4,0,25
제7회 전국동시지방선거,20180613,강원도,원주시,반곡관설동,8,41510,30,17,30846,27,17,14998,13,8,15848,14,9,52,0,42,0,10,0,26
제7회 전국동시지방선거,20180613,강원도,인제군,합계,23,32320,12,22,27243,12,22,14770,6,4,12473,6,18,201,0,164,0,37,0,1
제7회 전국동시지방선거,20180613,강원도,인제군,인제읍,5,9620,1,10,8015,1,10,4251,1,0,3764,0,10,19,0,16,0,3,0,2
제7회 전국동시지방선거,20180613,강원도,인제군,남면,2,4311,0,3,3637,0,3,1987,0,1,1650,0,2,37,0,21,0,16,0,3
제7회 전국동시지방선거,20180613,강원도,인제군,북면,5,8664,5,5,7305,5,5,3939,3,3,3366,2,2,52,0,49,0,3,0,4
제7회 전국동시지방선거,20180613,강원도,인제군,기린면,6,5163,2,0,4361,2,0,2358,1,0,2003,1,0,21,0,13,0,8,0,5
제7회 전국동시지방선거,20180613,강원도,인제군,서화면,3,3014,0,3,2530,0,3,1495,0,0,1035,0,3,65,0,58,0,7,0,6
제7회 전국동시지방선거,20180613,강원도,인제군,상남면,2,1548,4,1,1395,4,1,740,1,0,655,3,1,7,0,7,0,0,0,7
제7회 전국동시지방선거,20180613,강원도,정선군,합계,30,38007,15,31,33293,10,31,17233,5,6,16060,5,25,109,0,82,0,27,0,1
제7회 전국동시지방선거,20180613,강원도,정선군,정선읍,7,11059,1,9,9280,1,9,4653,0,2,4627,1,7,42,0,31,0,11,0,2
제7회 전국동시지방선거,20180613,강원도,정선군,고한읍,3,4524,1,0,4087,1,0,2169,1,0,1918,0,0,12,0,12,0,0,0,3
제7회 전국동시지방선거,20180613,강원도,정선군,사북읍,2,5192,2,3,4415,1,3,2315,0,1,2100,1,2,12,0,11,0,1,0,4
제7회 전국동시지방선거,20180613,강원도,정선군,신동읍,4,3747,2,5,3345,2,5,1705,1,0,1640,1,5,11,0,8,0,3,0,5
제7회 전국동시지방선거,20180613,강원도,정선군,화암면,2,1682,2,1,1541,2,1,826,1,0,715,1,1,7,0,5,0,2,0,6
제7회 전국동시지방선거,20180613,강원도,정선군,남면,3,3454,3,5,3049,1,5,1638,0,0,1411,1,5,3,0,2,0,1,0,7
제7회 전국동시지방선거,20180613,강원도,정선군,여량면,2,2081,0,3,1911,0,3,995,0,0,916,0,3,7,0,5,0,2,0,8
제7회 전국동시지방선거,20180613,강원도,정선군,북평면,2,2644,4,4,2334,2,4,1173,2,3,1161,0,1,3,0,2,0,1,0,9
제7회 전국동시지방선거,20180613,강원도,정선군,임계면,5,3624,0,1,3331,0,1,1759,0,0,1572,0,1,12,0,6,0,6,0,10
제7회 전국동시지방선거,20180613,강원도,철원군,합계,35,46906,18,25,39354,18,25,20807,7,5,18547,11,20,407,0,378,0,29,0,1
제7회 전국동시지방선거,20180613,강원도,철원군,철원읍,5,5261,2,2,4394,2,2,2240,0,0,2154,2,2,57,0,56,0,1,0,2
제7회 전국동시지방선거,20180613,강원도,철원군,김화읍,4,3795,3,1,3156,3,1,1740,2,0,1416,1,1,65,0,63,0,2,0,3
제7회 전국동시지방선거,20180613,강원도,철원군,갈말읍,9,12830,4,12,10927,4,12,5958,3,1,4969,1,11,78,0,73,0,5,0,4
제7회 전국동시지방선거,20180613,강원도,철원군,동송읍,10,16452,4,7,13545,4,7,6936,1,3,6609,3,4,114,0,103,0,11,0,5
제7회 전국동시지방선거,20180613,강원도,철원군,서면,3,6138,5,3,5241,5,3,2794,1,1,2447,4,2,30,0,26,0,4,0,6
제7회 전국동시지방선거,20180613,강원도,철원군,근남면,3,2320,0,0,1985,0,0,1088,0,0,897,0,0,62,0,56,0,6,0,7
제7회 전국동시지방선거,20180613,강원도,철원군,근북면,1,110,0,0,106,0,0,51,0,0,55,0,0,1,0,1,0,0,0,8
제7회 전국동시지방선거,20180613,강원도,춘천시,합계,82,280710,278,190,231430,263,190,112646,92,52,118784,171,138,515,0,376,0,139,0,1
제7회 전국동시지방선거,20180613,강원도,춘천시,신북읍,4,8004,3,13,7075,3,13,3555,2,4,3520,1,9,17,0,11,0,6,0,2
제7회 전국동시지방선거,20180613,강원도,춘천시,동면,5,19863,12,8,15085,12,8,7335,4,1,7750,8,7,33,0,25,0,8,0,3
제7회 전국동시지방선거,20180613,강원도,춘천시,동산면,2,1539,0,2,1427,0,2,758,0,1,669,0,1,9,0,9,0,0,0,4
제7회 전국동시지방선거,20180613,강원도,춘천시,신동면,1,2540,2,2,2292,2,2,1172,0,0,1120,2,2,2,0,0,0,2,0,5
제7회 전국동시지방선거,20180613,강원도,춘천시,동내면,4,17651,12,8,14153,11,8,6974,3,1,7179,8,7,25,0,18,0,7,0,6
제7회 전국동시지방선거,20180613,강원도,춘천시,남면,1,1103,3,0,1043,3,0,547,2,0,496,1,0,3,0,2,0,1,0,7
제7회 전국동시지방선거,20180613,강원도,춘천시,남산면,3,3755,4,1,3441,4,1,1794,3,0,1647,1,1,15,0,10,0,5,0,8
제7회 전국동시지방선거,20180613,강원도,춘천시,서면,3,4005,8,5,3681,8,5,1852,2,0,1829,6,5,9,0,3,0,6,0,9
제7회 전국동시지방선거,20180613,강원도,춘천시,사북면,3,2655,4,1,2423,3,1,1172,0,0,1251,3,1,9,0,5,0,4,0,10
제7회 전국동시지방선거,20180613,강원도,춘천시,북산면,2,983,0,0,936,0,0,518,0,0,418,0,0,0,0,0,0,0,0,11
제7회 전국동시지방선거,20180613,강원도,춘천시,소양동,3,10776,15,13,9020,15,13,4343,5,7,4677,10,6,5,0,5,0,0,0,12
제7회 전국동시지방선거,20180613,강원도,춘천시,교동,1,3859,4,3,3524,3,3,1784,1,0,1740,2,3,2,0,2,0,0,0,13
제7회 전국동시지방선거,20180613,강원도,춘천시,조운동,1,3255,4,5,2970,4,5,1454,0,3,1516,4,2,7,0,5,0,2,0,14
제7회 전국동시지방선거,20180613,강원도,춘천시,약사명동,1,3073,9,3,2764,9,3,1322,4,0,1442,5,3,8,0,6,0,2,0,15
제7회 전국동시지방선거,20180613,강원도,춘천시,근화동,2,9107,7,7,7420,6,7,3715,2,2,3705,4,5,17,0,14,0,3,0,16
제7회 전국동시지방선거,20180613,강원도,춘천시,후평1동,3,12816,16,10,11134,16,10,5370,5,2,5764,11,8,24,0,15,0,9,0,17
제7회 전국동시지방선거,20180613,강원도,춘천시,후평2동,3,13143,17,5,10807,17,5,5033,5,2,5774,12,3,23,0,16,0,7,0,18
제7회 전국동시지방선거,20180613,강원도,춘천시,후평3동,5,18587,9,16,15549,9,16,7283,4,1,8266,5,15,36,0,27,0,9,0,19
제7회 전국동시지방선거,20180613,강원도,춘천시,효자1동,1,5118,4,2,4276,4,2,2109,3,0,2167,1,2,4,0,3,0,1,0,20
제7회 전국동시지방선거,20180613,강원도,춘천시,효자2동,4,12120,12,12,10892,10,12,5663,5,3,5229,5,9,32,0,26,0,6,0,21
제7회 전국동시지방선거,20180613,강원도,춘천시,효자3동,1,5052,3,5,4534,2,5,2238,1,4,2296,1,1,6,0,6,0,0,0,22
제7회 전국동시지방선거,20180613,강원도,춘천시,석사동,9,38360,36,25,30368,35,25,14681,14,5,15687,21,20,87,0,58,0,29,0,23
제7회 전국동시지방선거,20180613,강원도,춘천시,퇴계동,11,44295,50,26,35101,47,26,16606,13,10,18495,34,16,66,0,49,0,17,0,24
제7회 전국동시지방선거,20180613,강원도,춘천시,강남동,4,18224,30,11,15125,28,11,7335,11,6,7790,17,5,32,0,24,0,8,0,25
제7회 전국동시지방선거,20180613,강원도,춘천시,신사우동,5,20827,14,7,16390,12,7,8033,3,0,8357,9,7,44,0,37,0,7,0,26
제7회 전국동시지방선거,20180613,강원도,태백시,합계,24,45583,14,28,38386,14,28,19217,5,7,19169,9,21,67,0,48,0,19,0,1
제7회 전국동시지방선거,20180613,강원도,태백시,황지동,3,6792,3,6,5702,3,6,2788,2,3,2914,1,3,8,0,6,0,2,0,2
제7회 전국동시지방선거,20180613,강원도,태백시,황연동,3,4849,1,0,4250,1,0,2164,0,0,2086,1,0,7,0,6,0,1,0,3
제7회 전국동시지방선거,20180613,강원도,태백시,삼수동,3,6431,1,8,5380,1,8,2683,1,3,2697,0,5,10,0,8,0,2,0,4
제7회 전국동시지방선거,20180613,강원도,태백시,상장동,5,14494,4,10,11456,4,10,5723,0,1,5733,4,9,17,0,12,0,5,0,5
제7회 전국동시지방선거,20180613,강원도,태백시,문곡소도동,3,4106,3,1,3599,3,1,1812,1,0,1787,2,1,4,0,2,0,2,0,6
제7회 전국동시지방선거,20180613,강원도,태백시,장성동,3,3610,2,1,3252,2,1,1601,1,0,1651,1,1,10,0,7,0,3,0,7
제7회 전국동시지방선거,20180613,강원도,태백시,구문소동,2,2935,0,2,2552,0,2,1303,0,0,1249,0,2,7,0,4,0,3,0,8
제7회 전국동시지방선거,20180613,강원도,태백시,철암동,2,2366,0,0,2195,0,0,1143,0,0,1052,0,0,4,0,3,0,1,0,9
제7회 전국동시지방선거,20180613,강원도,평창군,합계,32,42883,38,45,37506,29,45,19099,11,9,18407,18,36,84,0,57,0,27,0,1
제7회 전국동시지방선거,20180613,강원도,평창군,평창읍,7,8846,6,17,7590,2,17,3835,0,1,3755,2,16,9,0,7,0,2,0,2
제7회 전국동시지방선거,20180613,강원도,평창군,미탄면,2,1739,1,3,1590,1,3,842,0,0,748,1,3,8,0,5,0,3,0,3
제7회 전국동시지방선거,20180613,강원도,평창군,방림면,3,2520,1,3,2321,1,3,1194,0,0,1127,1,3,5,0,3,0,2,0,4
제7회 전국동시지방선거,20180613,강원도,평창군,대화면,4,5551,5,3,4911,4,3,2455,3,1,2456,1,2,6,0,4,0,2,0,5
제7회 전국동시지방선거,20180613,강원도,평창군,봉평면,3,5838,6,2,5028,4,2,2621,1,0,2407,3,2,6,0,6,0,0,0,6
제7회 전국동시지방선거,20180613,강원도,평창군,용평면,3,3197,4,2,2817,3,2,1424,1,1,1393,2,1,3,0,2,0,1,0,7
제7회 전국동시지방선거,20180613,강원도,평창군,진부면,7,9315,5,7,8079,5,7,3997,3,2,4082,2,5,35,0,21,0,14,0,8
제7회 전국동시지방선거,20180613,강원도,평창군,대관령면,3,5877,10,8,5170,9,8,2731,3,4,2439,6,4,12,0,9,0,3,0,9
제7회 전국동시지방선거,20180613,강원도,홍천군,합계,40,70207,50,57,60386,46,56,30726,23,11,29660,23,45,152,0,91,0,61,0,1
제7회 전국동시지방선거,20180613,강원도,홍천군,홍천읍,12,35711,17,27,28988,15,27,14484,9,7,14504,6,20,52,0,38,0,14,0,2
제7회 전국동시지방선거,20180613,강원도,홍천군,화촌면,4,4691,4,3,4338,2,2,2241,1,0,2097,1,2,48,0,25,0,23,0,3
제7회 전국동시지방선거,20180613,강원도,홍천군,두촌면,2,2431,3,1,2295,3,1,1135,1,0,1160,2,1,3,0,1,0,2,0,4
제7회 전국동시지방선거,20180613,강원도,홍천군,내촌면,3,2439,2,3,2201,2,3,1127,1,0,1074,1,3,1,0,0,0,1,0,5
제7회 전국동시지방선거,20180613,강원도,홍천군,서석면,4,3877,2,4,3509,2,4,1769,1,0,1740,1,4,3,0,1,0,2,0,6
제7회 전국동시지방선거,20180613,강원도,홍천군,동면,3,3796,2,3,3542,2,3,1786,1,0,1756,1,3,7,0,3,0,4,0,7
제7회 전국동시지방선거,20180613,강원도,홍천군,남면,3,6222,6,7,5359,6,7,2844,2,1,2515,4,6,5,0,4,0,1,0,8
제7회 전국동시지방선거,20180613,강원도,홍천군,서면,3,3823,8,1,3563,8,1,1888,3,0,1675,5,1,6,0,4,0,2,0,9
제7회 전국동시지방선거,20180613,강원도,홍천군,북방면,3,3923,5,6,3603,5,6,1875,3,2,1728,2,4,4,0,3,0,1,0,10
제7회 전국동시지방선거,20180613,강원도,홍천군,내면,3,3294,1,2,2988,1,2,1577,1,1,1411,0,1,23,0,12,0,11,0,11
제7회 전국동시지방선거,20180613,강원도,화천군,합계,21,25604,8,18,21783,8,18,12077,3,3,9706,5,15,315,0,277,0,38,0,1
제7회 전국동시지방선거,20180613,강원도,화천군,화천읍,4,8765,3,4,7180,3,4,3775,1,0,3405,2,4,120,0,108,0,12,0,2
제7회 전국동시지방선거,20180613,강원도,화천군,간동면,4,2837,1,2,2594,1,2,1415,1,1,1179,0,1,9,0,9,0,0,0,3
제7회 전국동시지방선거,20180613,강원도,화천군,하남면,3,2877,2,5,2466,2,5,1264,0,2,1202,2,3,12,0,9,0,3,0,4
제7회 전국동시지방선거,20180613,강원도,화천군,상서면,6,4359,2,2,3920,2,2,2505,1,0,1415,1,2,133,0,125,0,8,0,5
제7회 전국동시지방선거,20180613,강원도,화천군,사내면,4,6766,0,5,5623,0,5,3118,0,0,2505,0,5,41,0,26,0,15,0,6
제7회 전국동시지방선거,20180613,강원도,횡성군,합계,26,46477,45,33,40565,40,33,20568,19,8,19997,21,25,57,0,45,0,12,0,1
제7회 전국동시지방선거,20180613,강원도,횡성군,횡성읍,7,20697,11,15,17195,10,15,8586,4,4,8609,6,11,28,0,21,0,7,0,2
제7회 전국동시지방선거,20180613,강원도,횡성군,우천면,3,4595,6,1,4212,6,1,2164,3,0,2048,3,1,5,0,4,0,1,0,3
제7회 전국동시지방선거,20180613,강원도,횡성군,안흥면,2,3160,4,3,2492,3,3,1256,1,1,1236,2,2,2,0,2,0,0,0,4
제7회 전국동시지방선거,20180613,강원도,횡성군,둔내면,4,5733,7,7,5096,5,7,2653,3,3,2443,2,4,7,0,7,0,0,0,5
제7회 전국동시지방선거,20180613,강원도,횡성군,갑천면,2,2346,7,3,2227,6,3,1130,3,0,1097,3,3,2,0,2,0,0,0,6
제7회 전국동시지방선거,20180613,강원도,횡성군,청일면,3,2421,1,2,2307,1,2,1158,1,0,1149,0,2,2,0,2,0,0,0,7
제7회 전국동시지방선거,20180613,강원도,횡성군,공근면,2,3642,3,1,3406,3,1,1735,2,0,1671,1,1,4,0,3,0,1,0,8
제7회 전국동시지방선거,20180613,강원도,횡성군,서원면,2,2152,4,0,2008,4,0,1055,1,0,953,3,0,3,0,1,0,2,0,9
제7회 전국동시지방선거,20180613,강원도,횡성군,강림면,1,1731,2,1,1622,2,1,831,1,0,791,1,1,4,0,3,0,1,0,10
제7회 전국동시지방선거,20180613,전라북도,고창군,합계,33,58029,38,50,50442,35,50,24618,16,2,25824,19,48,325,0,134,0,191,0,1
제7회 전국동시지방선거,20180613,전라북도,고창군,고창읍,7,21968,15,19,17435,13,19,8415,7,0,9020,6,19,62,0,30,0,32,0,2
제7회 전국동시지방선거,20180613,전라북도,고창군,고수면,2,2404,0,1,2221,0,1,1145,0,0,1076,0,1,46,0,24,0,22,0,3
제7회 전국동시지방선거,20180613,전라북도,고창군,아산면,2,2915,2,2,2692,2,2,1368,1,0,1324,1,2,18,0,4,0,14,0,4
제7회 전국동시지방선거,20180613,전라북도,고창군,무장면,2,3036,0,7,2698,0,7,1330,0,0,1368,0,7,50,0,15,0,35,0,5
제7회 전국동시지방선거,20180613,전라북도,고창군,공음면,2,2786,1,2,2556,1,2,1263,1,0,1293,0,2,39,0,10,0,29,0,6
제7회 전국동시지방선거,20180613,전라북도,고창군,상하면,2,2635,3,1,2377,3,1,1125,2,0,1252,1,1,9,0,7,0,2,0,7
제7회 전국동시지방선거,20180613,전라북도,고창군,해리면,2,3123,2,6,2888,2,6,1398,0,0,1490,2,6,15,0,3,0,12,0,8
제7회 전국동시지방선거,20180613,전라북도,고창군,성송면,2,1955,1,5,1838,1,5,895,0,2,943,1,3,11,0,4,0,7,0,9
제7회 전국동시지방선거,20180613,전라북도,고창군,대산면,2,3663,0,2,3379,0,2,1658,0,0,1721,0,2,20,0,11,0,9,0,10
제7회 전국동시지방선거,20180613,전라북도,고창군,심원면,2,2691,2,0,2474,2,0,1236,0,0,1238,2,0,2,0,2,0,0,0,11
제7회 전국동시지방선거,20180613,전라북도,고창군,흥덕면,2,3377,4,1,3106,4,1,1490,1,0,1616,3,1,10,0,6,0,4,0,12
제7회 전국동시지방선거,20180613,전라북도,고창군,성내면,2,2146,1,1,1972,1,1,988,1,0,984,0,1,18,0,4,0,14,0,13
제7회 전국동시지방선거,20180613,전라북도,고창군,신림면,2,2359,0,2,2174,0,2,1055,0,0,1119,0,2,15,0,8,0,7,0,14
제7회 전국동시지방선거,20180613,전라북도,고창군,부안면,2,2971,7,1,2632,6,1,1252,3,0,1380,3,1,10,0,6,0,4,0,15
제7회 전국동시지방선거,20180613,전라북도,군산시,합계,86,274191,135,275,223434,125,275,112665,48,111,110769,77,164,632,0,433,0,199,0,1
제7회 전국동시지방선거,20180613,전라북도,군산시,옥구읍,1,3436,4,3,3180,4,3,1604,1,0,1576,3,3,7,0,4,0,3,0,2
제7회 전국동시지방선거,20180613,전라북도,군산시,옥산면,1,4306,3,1,3536,3,1,1807,2,1,1729,1,0,12,0,10,0,2,0,3
제7회 전국동시지방선거,20180613,전라북도,군산시,회현면,1,3702,3,2,3114,2,2,1577,2,0,1537,0,2,39,0,15,0,24,0,4
제7회 전국동시지방선거,20180613,전라북도,군산시,임피면,1,2947,2,0,2705,2,0,1358,1,0,1347,1,0,12,0,7,0,5,0,5
제7회 전국동시지방선거,20180613,전라북도,군산시,서수면,1,2778,2,0,2580,2,0,1299,1,0,1281,1,0,14,0,6,0,8,0,6
제7회 전국동시지방선거,20180613,전라북도,군산시,대야면,2,5358,4,1,4900,4,1,2423,2,0,2477,2,1,15,0,5,0,10,0,7
제7회 전국동시지방선거,20180613,전라북도,군산시,개정면,1,3323,1,0,3023,1,0,1521,0,0,1502,1,0,20,0,12,0,8,0,8
제7회 전국동시지방선거,20180613,전라북도,군산시,성산면,1,3144,2,0,2861,2,0,1466,0,0,1395,2,0,8,0,6,0,2,0,9
제7회 전국동시지방선거,20180613,전라북도,군산시,나포면,1,2382,0,1,2209,0,1,1147,0,0,1062,0,1,6,0,6,0,0,0,10
제7회 전국동시지방선거,20180613,전라북도,군산시,옥도면,10,3829,1,1,3464,1,1,1934,1,0,1530,0,1,16,0,14,0,2,0,11
제7회 전국동시지방선거,20180613,전라북도,군산시,옥서면,1,3520,1,2,3184,1,2,1614,0,0,1570,1,2,34,0,10,0,24,0,12
제7회 전국동시지방선거,20180613,전라북도,군산시,해신동,1,2714,4,9,2375,4,9,1180,1,5,1195,3,4,12,0,12,0,0,0,13
제7회 전국동시지방선거,20180613,전라북도,군산시,월명동,3,6567,10,32,5756,10,32,2847,1,18,2909,9,14,9,0,6,0,3,0,14
제7회 전국동시지방선거,20180613,전라북도,군산시,삼학동,3,6365,5,11,5737,2,11,2805,1,5,2932,1,6,15,0,12,0,3,0,15
제7회 전국동시지방선거,20180613,전라북도,군산시,신풍동,3,7842,3,7,6673,3,7,3312,1,3,3361,2,4,28,0,15,0,13,0,16
제7회 전국동시지방선거,20180613,전라북도,군산시,중앙동,1,3237,4,13,3007,3,13,1568,1,5,1439,2,8,1,0,1,0,0,0,17
제7회 전국동시지방선거,20180613,전라북도,군산시,흥남동,4,11376,5,7,9519,4,7,4782,3,2,4737,1,5,36,0,27,0,9,0,18
제7회 전국동시지방선거,20180613,전라북도,군산시,조촌동,4,18321,8,9,14853,8,9,7574,4,4,7279,4,5,35,0,25,0,10,0,19
제7회 전국동시지방선거,20180613,전라북도,군산시,경암동,3,8372,5,6,7238,5,6,3666,2,0,3572,3,6,11,0,9,0,2,0,20
제7회 전국동시지방선거,20180613,전라북도,군산시,구암동,2,5940,3,7,4989,3,7,2522,2,4,2467,1,3,11,0,11,0,0,0,21
제7회 전국동시지방선거,20180613,전라북도,군산시,개정동,1,3159,3,2,2704,2,2,1382,2,0,1322,0,2,16,0,12,0,4,0,22
제7회 전국동시지방선거,20180613,전라북도,군산시,수송동,11,54938,20,33,40318,20,33,19870,7,10,20448,13,23,87,0,70,0,17,0,23
제7회 전국동시지방선거,20180613,전라북도,군산시,나운1동,4,14155,7,11,11910,7,11,5851,2,4,6059,5,7,34,0,25,0,9,0,24
제7회 전국동시지방선거,20180613,전라북도,군산시,나운2동,6,25382,6,11,20059,5,11,9679,3,4,10380,2,7,47,0,31,0,16,0,25
제7회 전국동시지방선거,20180613,전라북도,군산시,나운3동,9,35077,14,29,26989,13,29,13404,2,12,13585,11,17,51,0,41,0,10,0,26
제7회 전국동시지방선거,20180613,전라북도,군산시,소룡동,5,18094,4,59,14775,4,59,8054,2,27,6721,2,32,31,0,20,0,11,0,27
제7회 전국동시지방선거,20180613,전라북도,군산시,미성동,5,13927,11,18,11776,10,18,6419,4,7,5357,6,11,25,0,21,0,4,0,28
제7회 전국동시지방선거,20180613,전라북도,김제시,합계,37,86545,50,78,74992,48,78,36976,22,20,38016,26,58,515,0,239,0,276,0,1
제7회 전국동시지방선거,20180613,전라북도,김제시,만경읍,2,2948,1,5,2680,1,5,1358,0,3,1322,1,2,15,0,7,0,8,0,2
제7회 전국동시지방선거,20180613,전라북도,김제시,죽산면,1,2665,3,0,2479,3,0,1224,1,0,1255,2,0,15,0,6,0,9,0,3
제7회 전국동시지방선거,20180613,전라북도,김제시,백산면,2,2681,0,3,2458,0,3,1260,0,1,1198,0,2,13,0,6,0,7,0,4
제7회 전국동시지방선거,20180613,전라북도,김제시,용지면,1,3991,4,1,3660,3,1,1828,1,0,1832,2,1,54,0,22,0,32,0,5
제7회 전국동시지방선거,20180613,전라북도,김제시,백구면,2,4093,3,1,3702,3,1,1808,2,0,1894,1,1,18,0,5,0,13,0,6
제7회 전국동시지방선거,20180613,전라북도,김제시,부량면,1,1406,0,0,1280,0,0,602,0,0,678,0,0,12,0,7,0,5,0,7
제7회 전국동시지방선거,20180613,전라북도,김제시,공덕면,1,2707,2,0,2471,2,0,1269,1,0,1202,1,0,9,0,3,0,6,0,8
제7회 전국동시지방선거,20180613,전라북도,김제시,청하면,1,1898,1,5,1749,1,5,855,0,0,894,1,5,10,0,3,0,7,0,9
제7회 전국동시지방선거,20180613,전라북도,김제시,성덕면,1,1988,3,2,1839,2,2,911,1,1,928,1,1,21,0,7,0,14,0,10
제7회 전국동시지방선거,20180613,전라북도,김제시,진봉면,2,2925,0,5,2745,0,5,1322,0,0,1423,0,5,35,0,11,0,24,0,11
제7회 전국동시지방선거,20180613,전라북도,김제시,금구면,3,5139,3,0,4592,3,0,2342,2,0,2250,1,0,34,0,20,0,14,0,12
제7회 전국동시지방선거,20180613,전라북도,김제시,봉남면,1,2377,4,0,2205,4,0,1054,2,0,1151,2,0,20,0,9,0,11,0,13
제7회 전국동시지방선거,20180613,전라북도,김제시,황산면,1,2064,1,4,1922,1,4,968,1,1,954,0,3,16,0,8,0,8,0,14
제7회 전국동시지방선거,20180613,전라북도,김제시,금산면,2,4880,3,0,4489,3,0,2236,2,0,2253,1,0,21,0,19,0,2,0,15
제7회 전국동시지방선거,20180613,전라북도,김제시,광활면,1,1419,0,1,1309,0,1,664,0,0,645,0,1,11,0,4,0,7,0,16
제7회 전국동시지방선거,20180613,전라북도,김제시,요촌동,4,11454,5,24,9589,5,24,4687,0,10,4902,5,14,53,0,26,0,27,0,17
제7회 전국동시지방선거,20180613,전라북도,김제시,신풍동,5,13432,10,9,10947,10,9,5336,5,1,5611,5,8,42,0,25,0,17,0,18
제7회 전국동시지방선거,20180613,전라북도,김제시,검산동,3,12019,2,6,9321,2,6,4510,1,0,4811,1,6,84,0,42,0,42,0,19
제7회 전국동시지방선거,20180613,전라북도,김제시,교월동,3,6459,5,12,5555,5,12,2742,3,3,2813,2,9,32,0,9,0,23,0,20
제7회 전국동시지방선거,20180613,전라북도,남원시,합계,33,82989,30,82,69930,24,82,33873,8,11,36057,16,71,349,0,165,0,184,0,1
제7회 전국동시지방선거,20180613,전라북도,남원시,운봉읍,2,4002,0,5,3607,0,5,1711,0,0,1896,0,5,13,0,8,0,5,0,2
제7회 전국동시지방선거,20180613,전라북도,남원시,주천면,2,2623,2,3,2363,2,3,1202,1,0,1161,1,3,7,0,5,0,2,0,3
제7회 전국동시지방선거,20180613,전라북도,남원시,수지면,1,1222,0,0,1110,0,0,534,0,0,576,0,0,2,0,2,0,0,0,4
제7회 전국동시지방선거,20180613,전라북도,남원시,송동면,1,2180,0,2,1976,0,2,964,0,0,1012,0,2,3,0,2,0,1,0,5
제7회 전국동시지방선거,20180613,전라북도,남원시,주생면,1,1926,1,1,1741,1,1,837,0,1,904,1,0,3,0,3,0,0,0,6
제7회 전국동시지방선거,20180613,전라북도,남원시,금지면,1,2510,0,2,2249,0,2,1090,0,0,1159,0,2,5,0,4,0,1,0,7
제7회 전국동시지방선거,20180613,전라북도,남원시,대강면,1,1754,3,0,1601,3,0,733,0,0,868,3,0,6,0,2,0,4,0,8
제7회 전국동시지방선거,20180613,전라북도,남원시,대산면,1,1749,0,1,1581,0,1,781,0,1,800,0,0,70,0,25,0,45,0,9
제7회 전국동시지방선거,20180613,전라북도,남원시,사매면,1,1595,0,0,1484,0,0,744,0,0,740,0,0,34,0,11,0,23,0,10
제7회 전국동시지방선거,20180613,전라북도,남원시,덕과면,1,987,0,1,931,0,1,467,0,0,464,0,1,15,0,5,0,10,0,11
제7회 전국동시지방선거,20180613,전라북도,남원시,보절면,1,1615,0,2,1463,0,2,741,0,0,722,0,2,13,0,4,0,9,0,12
제7회 전국동시지방선거,20180613,전라북도,남원시,산동면,1,1965,3,0,1772,1,0,876,1,0,896,0,0,18,0,6,0,12,0,13
제7회 전국동시지방선거,20180613,전라북도,남원시,이백면,1,2418,0,2,2145,0,2,1066,0,0,1079,0,2,28,0,10,0,18,0,14
제7회 전국동시지방선거,20180613,전라북도,남원시,인월면,1,2825,1,3,2486,0,3,1210,0,2,1276,0,1,22,0,8,0,14,0,15
제7회 전국동시지방선거,20180613,전라북도,남원시,아영면,1,1990,1,2,1764,1,2,847,0,0,917,1,2,3,0,1,0,2,0,16
제7회 전국동시지방선거,20180613,전라북도,남원시,산내면,1,2168,0,2,1893,0,2,913,0,0,980,0,2,5,0,1,0,4,0,17
제7회 전국동시지방선거,20180613,전라북도,남원시,동충동,1,3733,5,4,3126,5,4,1482,3,2,1644,2,2,5,0,3,0,2,0,18
제7회 전국동시지방선거,20180613,전라북도,남원시,죽항동,1,3622,2,13,3137,1,13,1489,1,4,1648,0,9,13,0,9,0,4,0,19
제7회 전국동시지방선거,20180613,전라북도,남원시,노암동,2,4715,2,8,3928,2,8,1859,2,0,2069,0,8,18,0,11,0,7,0,20
제7회 전국동시지방선거,20180613,전라북도,남원시,금동,2,7122,3,14,5608,2,14,2672,0,1,2936,2,13,14,0,10,0,4,0,21
제7회 전국동시지방선거,20180613,전라북도,남원시,왕정동,2,4299,3,2,3684,3,2,1755,0,0,1929,3,2,4,0,2,0,2,0,22
제7회 전국동시지방선거,20180613,전라북도,남원시,향교동,3,7736,1,7,6547,1,7,3298,0,0,3249,1,7,18,0,13,0,5,0,23
제7회 전국동시지방선거,20180613,전라북도,남원시,도통동,4,18233,3,8,13734,2,8,6602,0,0,7132,2,8,30,0,20,0,10,0,24
제7회 전국동시지방선거,20180613,전라북도,무주군,합계,13,24753,8,22,21573,6,22,10611,4,1,10962,2,21,292,0,96,0,196,0,1
제7회 전국동시지방선거,20180613,전라북도,무주군,무주읍,3,9629,2,14,7850,1,14,3871,0,1,3979,1,13,93,0,31,0,62,0,2
제7회 전국동시지방선거,20180613,전라북도,무주군,무풍면,2,2348,1,2,2162,1,2,1045,0,0,1117,1,2,49,0,15,0,34,0,3
제7회 전국동시지방선거,20180613,전라북도,무주군,설천면,2,4216,1,2,3696,0,2,1813,0,0,1883,0,2,37,0,13,0,24,0,4
제7회 전국동시지방선거,20180613,전라북도,무주군,적상면,3,2695,0,1,2497,0,1,1232,0,0,1265,0,1,23,0,14,0,9,0,5
제7회 전국동시지방선거,20180613,전라북도,무주군,안성면,2,4392,4,3,3991,4,3,1969,4,0,2022,0,3,67,0,16,0,51,0,6
제7회 전국동시지방선거,20180613,전라북도,무주군,부남면,1,1473,0,0,1377,0,0,681,0,0,696,0,0,23,0,7,0,16,0,7
제7회 전국동시지방선거,20180613,전라북도,부안군,합계,27,55588,42,50,48572,40,50,23910,13,4,24662,27,46,278,0,134,0,144,0,1
제7회 전국동시지방선거,20180613,전라북도,부안군,부안읍,7,21536,10,25,17364,10,25,8398,1,2,8966,9,23,58,0,37,0,21,0,2
제7회 전국동시지방선거,20180613,전라북도,부안군,주산면,1,2223,2,1,2063,1,1,987,1,0,1076,0,1,32,0,9,0,23,0,3
제7회 전국동시지방선거,20180613,전라북도,부안군,동진면,3,3246,1,1,2996,1,1,1496,0,0,1500,1,1,16,0,7,0,9,0,4
제7회 전국동시지방선거,20180613,전라북도,부안군,행안면,1,2506,1,2,2249,1,2,1169,1,1,1080,0,1,11,0,8,0,3,0,5
제7회 전국동시지방선거,20180613,전라북도,부안군,계화면,3,3856,2,7,3537,2,7,1783,1,0,1754,1,7,6,0,4,0,2,0,6
제7회 전국동시지방선거,20180613,전라북도,부안군,보안면,1,2636,5,0,2475,5,0,1207,1,0,1268,4,0,24,0,12,0,12,0,7
제7회 전국동시지방선거,20180613,전라북도,부안군,변산면,2,4764,7,8,4199,6,8,2107,4,1,2092,2,7,10,0,5,0,5,0,8
제7회 전국동시지방선거,20180613,전라북도,부안군,진서면,2,2576,4,0,2323,4,0,1182,0,0,1141,4,0,15,0,8,0,7,0,9
제7회 전국동시지방선거,20180613,전라북도,부안군,백산면,2,2797,2,1,2627,2,1,1276,1,0,1351,1,1,56,0,21,0,35,0,10
제7회 전국동시지방선거,20180613,전라북도,부안군,상서면,1,2415,4,2,2230,4,2,1081,1,0,1149,3,2,17,0,8,0,9,0,11
제7회 전국동시지방선거,20180613,전라북도,부안군,하서면,1,2937,1,3,2710,1,3,1312,1,0,1398,0,3,17,0,7,0,10,0,12
제7회 전국동시지방선거,20180613,전라북도,부안군,줄포면,1,2864,3,0,2634,3,0,1277,1,0,1357,2,0,11,0,4,0,7,0,13
제7회 전국동시지방선거,20180613,전라북도,부안군,위도면,2,1232,0,0,1165,0,0,635,0,0,530,0,0,5,0,4,0,1,0,14
제7회 전국동시지방선거,20180613,전라북도,순창군,합계,18,29564,10,41,25441,9,41,12173,4,4,13268,5,37,349,0,128,0,221,0,1
제7회 전국동시지방선거,20180613,전라북도,순창군,순창읍,3,10457,1,18,8230,1,18,3966,1,3,4264,0,15,86,0,38,0,48,0,2
제7회 전국동시지방선거,20180613,전라북도,순창군,인계면,1,1699,1,5,1507,1,5,709,1,0,798,0,5,24,0,10,0,14,0,3
제7회 전국동시지방선거,20180613,전라북도,순창군,동계면,2,2213,2,0,2007,2,0,948,1,0,1059,1,0,25,0,8,0,17,0,4
제7회 전국동시지방선거,20180613,전라북도,순창군,적성면,1,1437,1,0,1322,1,0,635,1,0,687,0,0,20,0,5,0,15,0,5
제7회 전국동시지방선거,20180613,전라북도,순창군,유등면,1,1318,0,2,1170,0,2,537,0,0,633,0,2,32,0,10,0,22,0,6
제7회 전국동시지방선거,20180613,전라북도,순창군,풍산면,2,1898,1,2,1692,1,2,812,0,0,880,1,2,35,0,11,0,24,0,7
제7회 전국동시지방선거,20180613,전라북도,순창군,금과면,1,1805,1,8,1673,1,8,800,0,0,873,1,8,30,0,13,0,17,0,8
제7회 전국동시지방선거,20180613,전라북도,순창군,팔덕면,1,1607,1,4,1457,1,4,710,0,0,747,1,4,34,0,10,0,24,0,9
제7회 전국동시지방선거,20180613,전라북도,순창군,복흥면,2,2364,1,1,2081,1,1,989,0,1,1092,1,0,31,0,12,0,19,0,10
제7회 전국동시지방선거,20180613,전라북도,순창군,쌍치면,2,2201,1,0,1952,0,0,946,0,0,1006,0,0,24,0,9,0,15,0,11
제7회 전국동시지방선거,20180613,전라북도,순창군,구림면,2,2565,0,1,2350,0,1,1121,0,0,1229,0,1,8,0,2,0,6,0,12
제7회 전국동시지방선거,20180613,전라북도,완주군,합계,34,95373,35,65,78531,26,65,40180,10,13,38351,16,52,248,0,136,0,112,0,1
제7회 전국동시지방선거,20180613,전라북도,완주군,삼례읍,4,14483,4,4,12336,3,4,6324,0,1,6012,3,3,51,0,27,0,24,0,2
제7회 전국동시지방선거,20180613,전라북도,완주군,봉동읍,6,27080,8,25,20214,6,25,10428,4,5,9786,2,20,46,0,24,0,22,0,3
제7회 전국동시지방선거,20180613,전라북도,완주군,용진읍,4,7451,3,7,6405,2,7,3308,0,2,3097,2,5,24,0,11,0,13,0,4
제7회 전국동시지방선거,20180613,전라북도,완주군,상관면,2,4713,6,1,3919,4,1,1973,1,0,1946,3,1,16,0,8,0,8,0,5
제7회 전국동시지방선거,20180613,전라북도,완주군,이서면,3,15279,1,13,11953,1,13,6064,0,4,5889,1,9,25,0,14,0,11,0,6
제7회 전국동시지방선거,20180613,전라북도,완주군,소양면,4,6441,2,8,5782,2,8,2986,1,1,2796,1,7,38,0,27,0,11,0,7
제7회 전국동시지방선거,20180613,전라북도,완주군,구이면,3,6077,4,2,5413,2,2,2733,1,0,2680,1,2,12,0,5,0,7,0,8
제7회 전국동시지방선거,20180613,전라북도,완주군,고산면,2,4830,1,2,4288,1,2,2178,0,0,2110,1,2,10,0,3,0,7,0,9
제7회 전국동시지방선거,20180613,전라북도,완주군,비봉면,2,1984,1,1,1797,1,1,920,1,0,877,0,1,3,0,1,0,2,0,10
제7회 전국동시지방선거,20180613,전라북도,완주군,운주면,1,2029,1,1,1899,0,1,930,0,0,969,0,1,4,0,1,0,3,0,11
제7회 전국동시지방선거,20180613,전라북도,완주군,화산면,1,2851,1,0,2551,1,0,1342,1,0,1209,0,0,14,0,10,0,4,0,12
제7회 전국동시지방선거,20180613,전라북도,완주군,동상면,1,1151,1,0,1038,1,0,530,0,0,508,1,0,3,0,3,0,0,0,13
제7회 전국동시지방선거,20180613,전라북도,완주군,경천면,1,1004,2,1,936,2,1,464,1,0,472,1,1,2,0,2,0,0,0,14
제7회 전국동시지방선거,20180613,전라북도,익산시,합계,87,297261,127,343,245566,117,343,121423,52,103,124143,65,240,738,0,444,0,294,0,1
제7회 전국동시지방선거,20180613,전라북도,익산시,함열읍,2,7529,1,15,6492,1,15,3205,0,6,3287,1,9,16,0,12,0,4,0,2
제7회 전국동시지방선거,20180613,전라북도,익산시,오산면,3,8435,2,8,7112,2,8,3547,1,0,3565,1,8,12,0,10,0,2,0,3
제7회 전국동시지방선거,20180613,전라북도,익산시,황등면,3,7888,0,10,6961,0,10,3501,0,0,3460,0,10,21,0,12,0,9,0,4
제7회 전국동시지방선거,20180613,전라북도,익산시,함라면,1,2404,0,0,2190,0,0,1083,0,0,1107,0,0,4,0,2,0,2,0,5
제7회 전국동시지방선거,20180613,전라북도,익산시,웅포면,1,1723,2,0,1614,1,0,812,1,0,802,0,0,6,0,3,0,3,0,6
제7회 전국동시지방선거,20180613,전라북도,익산시,성당면,1,2094,3,4,1937,3,4,961,1,0,976,2,4,9,0,4,0,5,0,7
제7회 전국동시지방선거,20180613,전라북도,익산시,용안면,1,2884,3,0,2608,3,0,1315,1,0,1293,2,0,34,0,17,0,17,0,8
제7회 전국동시지방선거,20180613,전라북도,익산시,낭산면,1,3306,1,3,3008,0,3,1556,0,1,1452,0,2,9,0,7,0,2,0,9
제7회 전국동시지방선거,20180613,전라북도,익산시,망성면,1,3175,1,1,2917,1,1,1430,1,1,1487,0,0,11,0,6,0,5,0,10
제7회 전국동시지방선거,20180613,전라북도,익산시,여산면,1,3573,3,4,3185,3,4,1611,2,3,1574,1,1,7,0,4,0,3,0,11
제7회 전국동시지방선거,20180613,전라북도,익산시,금마면,2,5417,5,1,4674,5,1,2528,1,1,2146,4,0,10,0,6,0,4,0,12
제7회 전국동시지방선거,20180613,전라북도,익산시,왕궁면,3,4807,2,4,4477,2,4,2256,2,0,2221,0,4,229,0,68,0,161,0,13
제7회 전국동시지방선거,20180613,전라북도,익산시,춘포면,3,4877,2,2,4338,0,2,2241,0,0,2097,0,2,9,0,8,0,1,0,14
제7회 전국동시지방선거,20180613,전라북도,익산시,삼기면,1,2861,0,2,2622,0,2,1318,0,0,1304,0,2,6,0,6,0,0,0,15
제7회 전국동시지방선거,20180613,전라북도,익산시,용동면,1,1687,2,1,1555,2,1,768,1,0,787,1,1,8,0,6,0,2,0,16
제7회 전국동시지방선거,20180613,전라북도,익산시,중앙동,2,3740,3,35,3436,3,35,1762,2,20,1674,1,15,8,0,7,0,1,0,17
제7회 전국동시지방선거,20180613,전라북도,익산시,평화동,2,4630,5,14,4021,5,14,2132,2,2,1889,3,12,16,0,11,0,5,0,18
제7회 전국동시지방선거,20180613,전라북도,익산시,인화동,2,7509,5,17,6696,5,17,3409,2,8,3287,3,9,17,0,11,0,6,0,19
제7회 전국동시지방선거,20180613,전라북도,익산시,동산동,6,23120,8,26,19011,8,26,9302,5,6,9709,3,20,29,0,24,0,5,0,20
제7회 전국동시지방선거,20180613,전라북도,익산시,마동,3,9960,4,19,8652,2,19,4347,0,8,4305,2,11,12,0,10,0,2,0,21
제7회 전국동시지방선거,20180613,전라북도,익산시,남중동,4,13006,7,19,11433,7,19,5757,2,5,5676,5,14,27,0,17,0,10,0,22
제7회 전국동시지방선거,20180613,전라북도,익산시,모현동,10,40666,17,38,32057,13,38,15398,4,16,16659,9,22,59,0,50,0,9,0,23
제7회 전국동시지방선거,20180613,전라북도,익산시,송학동,3,9207,2,3,7257,2,3,3527,0,0,3730,2,3,8,0,7,0,1,0,24
제7회 전국동시지방선거,20180613,전라북도,익산시,신동,4,16449,7,13,14544,7,13,7366,4,8,7178,3,5,20,0,17,0,3,0,25
제7회 전국동시지방선거,20180613,전라북도,익산시,영등1동,7,25276,14,21,20548,14,21,10066,6,5,10482,8,16,42,0,37,0,5,0,26
제7회 전국동시지방선거,20180613,전라북도,익산시,영등2동,3,15458,2,14,11517,2,14,5524,0,1,5993,2,13,19,0,13,0,6,0,27
제7회 전국동시지방선거,20180613,전라북도,익산시,어양동,6,25897,8,42,19679,8,42,9431,3,9,10248,5,33,27,0,22,0,5,0,28
제7회 전국동시지방선거,20180613,전라북도,익산시,팔봉동,2,7024,5,4,5671,5,4,2898,2,0,2773,3,4,9,0,7,0,2,0,29
제7회 전국동시지방선거,20180613,전라북도,익산시,삼성동,8,32659,13,23,25354,13,23,12372,9,3,12982,4,20,54,0,40,0,14,0,30
제7회 전국동시지방선거,20180613,전라북도,임실군,합계,20,29324,15,17,25942,13,17,13138,7,4,12804,6,13,153,0,63,0,90,0,1
제7회 전국동시지방선거,20180613,전라북도,임실군,임실읍,3,7577,4,2,6176,4,2,3129,2,0,3047,2,2,27,0,12,0,15,0,2
제7회 전국동시지방선거,20180613,전라북도,임실군,청웅면,1,1419,1,0,1318,1,0,668,0,0,650,1,0,5,0,1,0,4,0,3
제7회 전국동시지방선거,20180613,전라북도,임실군,운암면,3,1753,4,0,1605,4,0,835,2,0,770,2,0,11,0,3,0,8,0,4
제7회 전국동시지방선거,20180613,전라북도,임실군,신평면,1,1601,1,2,1448,1,2,740,1,2,708,0,0,3,0,1,0,2,0,5
제7회 전국동시지방선거,20180613,전라북도,임실군,성수면,2,1798,0,0,1652,0,0,845,0,0,807,0,0,11,0,5,0,6,0,6
제7회 전국동시지방선거,20180613,전라북도,임실군,오수면,2,4105,1,10,3672,1,10,1800,0,1,1872,1,9,14,0,8,0,6,0,7
제7회 전국동시지방선거,20180613,전라북도,임실군,신덕면,1,1443,0,0,1308,0,0,685,0,0,623,0,0,2,0,0,0,2,0,8
제7회 전국동시지방선거,20180613,전라북도,임실군,삼계면,1,1626,2,0,1496,1,0,731,1,0,765,0,0,24,0,6,0,18,0,9
제7회 전국동시지방선거,20180613,전라북도,임실군,관촌면,2,3695,0,1,3328,0,1,1710,0,0,1618,0,1,39,0,16,0,23,0,10
제7회 전국동시지방선거,20180613,전라북도,임실군,강진면,1,1719,0,1,1570,0,1,815,0,1,755,0,0,4,0,3,0,1,0,11
제7회 전국동시지방선거,20180613,전라북도,임실군,덕치면,2,1229,1,0,1130,1,0,565,1,0,565,0,0,5,0,3,0,2,0,12
제7회 전국동시지방선거,20180613,전라북도,임실군,지사면,1,1359,1,1,1239,0,1,615,0,0,624,0,1,8,0,5,0,3,0,13
제7회 전국동시지방선거,20180613,전라북도,장수군,합계,10,23090,9,24,20072,9,24,9919,5,1,10153,4,23,109,0,47,0,62,0,1
제7회 전국동시지방선거,20180613,전라북도,장수군,장수읍,3,7585,3,9,6244,3,9,3074,1,0,3170,2,9,26,0,12,0,14,0,2
제7회 전국동시지방선거,20180613,전라북도,장수군,산서면,1,2299,1,5,2061,1,5,1001,1,0,1060,0,5,6,0,2,0,4,0,3
제7회 전국동시지방선거,20180613,전라북도,장수군,번암면,1,2447,1,0,2230,1,0,1085,1,0,1145,0,0,18,0,6,0,12,0,4
제7회 전국동시지방선거,20180613,전라북도,장수군,장계면,2,4558,3,1,3944,3,1,1981,1,1,1963,2,0,11,0,5,0,6,0,5
제7회 전국동시지방선거,20180613,전라북도,장수군,천천면,1,2242,0,5,2050,0,5,1024,0,0,1026,0,5,13,0,5,0,8,0,6
제7회 전국동시지방선거,20180613,전라북도,장수군,계남면,1,2323,1,2,2068,1,2,1034,1,0,1034,0,2,27,0,13,0,14,0,7
제7회 전국동시지방선거,20180613,전라북도,장수군,계북면,1,1636,0,2,1475,0,2,720,0,0,755,0,2,8,0,4,0,4,0,8
제7회 전국동시지방선거,20180613,전라북도,전주시덕진구,합계,64,263037,122,141,210274,111,141,103968,52,28,106306,59,113,436,0,281,0,155,0,1
제7회 전국동시지방선거,20180613,전라북도,전주시덕진구,진북동,4,15750,11,6,13664,9,6,6656,6,2,7008,3,4,41,0,25,0,16,0,2
제7회 전국동시지방선거,20180613,전라북도,전주시덕진구,인후1동,4,19732,4,8,15423,3,8,7330,1,1,8093,2,7,28,0,17,0,11,0,3
제7회 전국동시지방선거,20180613,전라북도,전주시덕진구,인후2동,4,12495,3,9,10891,3,9,5470,2,0,5421,1,9,17,0,9,0,8,0,4
제7회 전국동시지방선거,20180613,전라북도,전주시덕진구,덕진동,5,21778,10,12,17654,10,12,8834,3,2,8820,7,10,46,0,33,0,13,0,5
제7회 전국동시지방선거,20180613,전라북도,전주시덕진구,금암1동,2,7754,7,7,7108,7,7,3794,4,1,3314,3,6,18,0,12,0,6,0,6
제7회 전국동시지방선거,20180613,전라북도,전주시덕진구,금암2동,3,10775,4,9,9483,4,9,4667,1,2,4816,3,7,23,0,10,0,13,0,7
제7회 전국동시지방선거,20180613,전라북도,전주시덕진구,팔복동,3,8855,3,12,7745,3,12,4215,2,4,3530,1,8,25,0,15,0,10,0,8
제7회 전국동시지방선거,20180613,전라북도,전주시덕진구,우아1동,3,9245,5,8,7933,4,8,3990,2,1,3943,2,7,19,0,12,0,7,0,9
제7회 전국동시지방선거,20180613,전라북도,전주시덕진구,우아2동,4,15632,11,19,13040,11,19,6658,4,4,6382,7,15,33,0,21,0,12,0,10
제7회 전국동시지방선거,20180613,전라북도,전주시덕진구,호성동,5,22074,13,7,17379,10,7,8324,5,1,9055,5,6,36,0,27,0,9,0,11
제7회 전국동시지방선거,20180613,전라북도,전주시덕진구,송천1동,10,48420,22,15,35234,21,15,17207,9,5,18027,12,10,72,0,47,0,25,0,12
제7회 전국동시지방선거,20180613,전라북도,전주시덕진구,송천2동,7,27677,10,7,21847,10,7,10537,5,0,11310,5,7,25,0,16,0,9,0,13
제7회 전국동시지방선거,20180613,전라북도,전주시덕진구,조촌동,3,10396,2,7,8711,2,7,4429,1,3,4282,1,4,15,0,10,0,5,0,14
제7회 전국동시지방선거,20180613,전라북도,전주시덕진구,동산동,7,32454,17,15,24162,14,15,11857,7,2,12305,7,13,38,0,27,0,11,0,15
제7회 전국동시지방선거,20180613,전라북도,전주시완산구,합계,91,388804,197,221,313929,185,221,150949,75,60,162980,110,161,770,0,493,0,277,0,1
제7회 전국동시지방선거,20180613,전라북도,전주시완산구,중앙동,3,8539,13,33,7618,11,33,3817,3,16,3801,8,17,18,0,10,0,8,0,2
제7회 전국동시지방선거,20180613,전라북도,전주시완산구,풍남동,2,4947,3,6,4531,3,6,2270,2,2,2261,1,4,21,0,13,0,8,0,3
제7회 전국동시지방선거,20180613,전라북도,전주시완산구,노송동,5,13295,13,4,11757,10,4,5694,4,1,6063,6,3,36,0,20,0,16,0,4
제7회 전국동시지방선거,20180613,전라북도,전주시완산구,완산동,2,5338,5,1,4757,5,1,2358,0,0,2399,5,1,18,0,7,0,11,0,5
제7회 전국동시지방선거,20180613,전라북도,전주시완산구,동서학동,3,7094,2,3,6197,2,3,3071,0,0,3126,2,3,61,0,28,0,33,0,6
제7회 전국동시지방선거,20180613,전라북도,전주시완산구,서서학동,3,9764,7,6,8539,7,6,4182,4,2,4357,3,4,29,0,14,0,15,0,7
제7회 전국동시지방선거,20180613,전라북도,전주시완산구,중화산1동,3,15868,7,13,13293,7,13,6275,2,2,7018,5,11,27,0,22,0,5,0,8
제7회 전국동시지방선거,20180613,전라북도,전주시완산구,중화산2동,4,20495,14,10,16141,14,10,7942,5,3,8199,9,7,30,0,21,0,9,0,9
제7회 전국동시지방선거,20180613,전라북도,전주시완산구,평화1동,3,13716,4,8,11955,4,8,5679,0,3,6276,4,5,39,0,24,0,15,0,10
제7회 전국동시지방선거,20180613,전라북도,전주시완산구,평화2동,9,45274,18,13,35551,17,13,16835,11,3,18716,6,10,92,0,64,0,28,0,11
제7회 전국동시지방선거,20180613,전라북도,전주시완산구,서신동,10,42070,15,20,33036,14,20,15917,3,2,17119,11,18,65,0,47,0,18,0,12
제7회 전국동시지방선거,20180613,전라북도,전주시완산구,삼천1동,3,14448,9,11,11932,8,11,5665,3,2,6267,5,9,29,0,19,0,10,0,13
제7회 전국동시지방선거,20180613,전라북도,전주시완산구,삼천2동,4,15598,6,15,13138,6,15,6296,2,3,6842,4,12,29,0,19,0,10,0,14
제7회 전국동시지방선거,20180613,전라북도,전주시완산구,삼천3동,6,24212,15,3,19372,15,3,9258,6,0,10114,9,3,51,0,24,0,27,0,15
제7회 전국동시지방선거,20180613,전라북도,전주시완산구,효자1동,3,13018,11,8,11032,11,8,5230,5,1,5802,6,7,37,0,24,0,13,0,16
제7회 전국동시지방선거,20180613,전라북도,전주시완산구,효자2동,3,11437,8,7,9689,8,7,4584,3,3,5105,5,4,19,0,13,0,6,0,17
제7회 전국동시지방선거,20180613,전라북도,전주시완산구,효자3동,4,16226,1,7,13250,1,7,6205,0,2,7045,1,5,30,0,17,0,13,0,18
제7회 전국동시지방선거,20180613,전라북도,전주시완산구,효자4동,14,73931,36,32,56296,33,32,27156,17,9,29140,16,23,96,0,70,0,26,0,19
제7회 전국동시지방선거,20180613,전라북도,전주시완산구,인후3동,7,33534,10,21,25845,9,21,12515,5,6,13330,4,15,43,0,37,0,6,0,20
제7회 전국동시지방선거,20180613,전라북도,정읍시,합계,48,113376,53,111,96002,50,111,46967,23,30,49035,27,81,346,0,165,0,181,0,1
제7회 전국동시지방선거,20180613,전라북도,정읍시,신태인읍,3,6090,2,19,5406,2,19,2611,0,6,2795,2,13,22,0,12,0,10,0,2
제7회 전국동시지방선거,20180613,전라북도,정읍시,북면,2,4591,0,9,4051,0,9,2051,0,2,2000,0,7,14,0,9,0,5,0,3
제7회 전국동시지방선거,20180613,전라북도,정읍시,입암면,2,3141,4,3,2886,4,3,1404,2,2,1482,2,1,8,0,5,0,3,0,4
제7회 전국동시지방선거,20180613,전라북도,정읍시,소성면,1,2217,2,0,2049,2,0,1010,1,0,1039,1,0,10,0,4,0,6,0,5
제7회 전국동시지방선거,20180613,전라북도,정읍시,고부면,2,3066,3,0,2864,3,0,1419,1,0,1445,2,0,40,0,14,0,26,0,6
제7회 전국동시지방선거,20180613,전라북도,정읍시,영원면,1,1974,0,1,1814,0,1,892,0,0,922,0,1,40,0,9,0,31,0,7
제7회 전국동시지방선거,20180613,전라북도,정읍시,덕천면,2,1986,0,0,1799,0,0,906,0,0,893,0,0,15,0,7,0,8,0,8
제7회 전국동시지방선거,20180613,전라북도,정읍시,이평면,2,2283,0,2,2136,0,2,1039,0,1,1097,0,1,14,0,6,0,8,0,9
제7회 전국동시지방선거,20180613,전라북도,정읍시,정우면,2,2788,0,0,2572,0,0,1275,0,0,1297,0,0,5,0,2,0,3,0,10
제7회 전국동시지방선거,20180613,전라북도,정읍시,태인면,2,3790,1,3,3475,0,3,1710,0,1,1765,0,2,14,0,8,0,6,0,11
제7회 전국동시지방선거,20180613,전라북도,정읍시,감곡면,1,2924,5,0,2765,5,0,1379,3,0,1386,2,0,6,0,1,0,5,0,12
제7회 전국동시지방선거,20180613,전라북도,정읍시,옹동면,1,1818,1,1,1685,1,1,830,0,0,855,1,1,4,0,2,0,2,0,13
제7회 전국동시지방선거,20180613,전라북도,정읍시,칠보면,2,2561,0,1,2241,0,1,1108,0,0,1133,0,1,8,0,3,0,5,0,14
제7회 전국동시지방선거,20180613,전라북도,정읍시,산내면,1,1352,1,1,1251,1,1,620,1,0,631,0,1,1,0,0,0,1,0,15
제7회 전국동시지방선거,20180613,전라북도,정읍시,산외면,1,2237,0,1,2060,0,1,1026,0,0,1034,0,1,14,0,5,0,9,0,16
제7회 전국동시지방선거,20180613,전라북도,정읍시,수성동,5,18433,9,21,14485,8,21,7196,2,4,7289,6,17,32,0,22,0,10,0,17
제7회 전국동시지방선거,20180613,전라북도,정읍시,장명동,1,3248,5,3,2721,5,3,1337,4,1,1384,1,2,7,0,2,0,5,0,18
제7회 전국동시지방선거,20180613,전라북도,정읍시,내장상동,6,21036,9,17,16465,8,17,7855,3,5,8610,5,12,35,0,22,0,13,0,19
제7회 전국동시지방선거,20180613,전라북도,정읍시,시기동,2,3699,2,5,3195,2,5,1496,2,3,1699,0,2,10,0,6,0,4,0,20
제7회 전국동시지방선거,20180613,전라북도,정읍시,초산동,3,10137,5,5,7922,5,5,3804,3,1,4118,2,4,14,0,9,0,5,0,21
제7회 전국동시지방선거,20180613,전라북도,정읍시,연지동,2,5794,2,13,4931,2,13,2445,0,4,2486,2,9,10,0,5,0,5,0,22
제7회 전국동시지방선거,20180613,전라북도,정읍시,농소동,2,4469,0,3,3877,0,3,1862,0,0,2015,0,3,7,0,3,0,4,0,23
제7회 전국동시지방선거,20180613,전라북도,정읍시,상교동,2,3742,2,3,3352,2,3,1692,1,0,1660,1,3,16,0,9,0,7,0,24
제7회 전국동시지방선거,20180613,전라북도,진안군,합계,13,26274,16,27,23029,12,27,11458,5,1,11571,7,26,97,0,45,0,52,0,1
제7회 전국동시지방선거,20180613,전라북도,진안군,진안읍,3,10631,8,11,8920,7,11,4458,2,1,4462,5,10,38,0,20,0,18,0,2
제7회 전국동시지방선거,20180613,전라북도,진안군,용담면,1,839,0,3,795,0,3,374,0,0,421,0,3,4,0,1,0,3,0,3
제7회 전국동시지방선거,20180613,전라북도,진안군,안천면,1,1091,0,1,968,0,1,473,0,0,495,0,1,0,0,0,0,0,0,4
제7회 전국동시지방선거,20180613,전라북도,진안군,동향면,1,1506,2,0,1347,0,0,635,0,0,712,0,0,15,0,4,0,11,0,5
제7회 전국동시지방선거,20180613,전라북도,진안군,상전면,1,893,0,0,813,0,0,424,0,0,389,0,0,3,0,1,0,2,0,6
제7회 전국동시지방선거,20180613,전라북도,진안군,백운면,1,2055,1,2,1850,1,2,925,0,0,925,1,2,11,0,5,0,6,0,7
제7회 전국동시지방선거,20180613,전라북도,진안군,성수면,1,1801,1,3,1625,0,3,786,0,0,839,0,3,8,0,3,0,5,0,8
제7회 전국동시지방선거,20180613,전라북도,진안군,마령면,1,1926,1,1,1768,1,1,866,1,0,902,0,1,6,0,6,0,0,0,9
제7회 전국동시지방선거,20180613,전라북도,진안군,부귀면,1,2883,3,2,2521,3,2,1290,2,0,1231,1,2,7,0,4,0,3,0,10
제7회 전국동시지방선거,20180613,전라북도,진안군,정천면,1,1068,0,0,962,0,0,498,0,0,464,0,0,4,0,1,0,3,0,11
제7회 전국동시지방선거,20180613,전라북도,진안군,주천면,1,1581,0,4,1460,0,4,729,0,0,731,0,4,1,0,0,0,1,0,12
제8회 전국동시지방선거,20220601,강원도,강릉시,합계,65,212606,229,159,185804,215,159,91479,97,51,94325,118,108,360,0,291,0,69,0,1
제8회 전국동시지방선거,20220601,강원도,강릉시,주문진읍,6,16669,19,19,15282,18,19,7371,8,3,7911,10,16,34,0,29,0,5,0,2
제8회 전국동시지방선거,20220601,강원도,강릉시,성산면,2,3461,2,4,3182,2,4,1605,1,1,1577,1,3,4,0,3,0,1,0,3
제8회 전국동시지방선거,20220601,강원도,강릉시,왕산면,3,1584,0,1,1525,0,1,814,0,0,711,0,1,5,0,3,0,2,0,4
제8회 전국동시지방선거,20220601,강원도,강릉시,구정면,2,4269,5,2,3825,5,2,1922,3,1,1903,2,1,2,0,2,0,0,0,5
제8회 전국동시지방선거,20220601,강원도,강릉시,강동면,2,4144,7,1,3920,6,1,2075,2,1,1845,4,0,14,0,7,0,7,0,6
제8회 전국동시지방선거,20220601,강원도,강릉시,옥계면,2,3449,4,2,3247,4,2,1650,1,1,1597,3,1,15,0,13,0,2,0,7
제8회 전국동시지방선거,20220601,강원도,강릉시,사천면,2,4719,9,6,4335,8,6,2225,4,0,2110,4,6,7,0,6,0,1,0,8
제8회 전국동시지방선거,20220601,강원도,강릉시,연곡면,2,6350,17,0,5687,17,0,2844,6,0,2843,11,0,8,0,6,0,2,0,9
제8회 전국동시지방선거,20220601,강원도,강릉시,홍제동,3,15161,16,11,12795,16,11,6183,5,4,6612,11,7,13,0,12,0,1,0,10
제8회 전국동시지방선거,20220601,강원도,강릉시,중앙동,2,4783,9,11,4408,9,11,2131,2,8,2277,7,3,13,0,8,0,5,0,11
제8회 전국동시지방선거,20220601,강원도,강릉시,옥천동,1,3358,3,8,3140,3,8,1615,1,3,1525,2,5,6,0,4,0,2,0,12
제8회 전국동시지방선거,20220601,강원도,강릉시,교1동,6,25710,22,22,21939,19,22,10600,11,8,11339,8,14,47,0,37,0,10,0,13
제8회 전국동시지방선거,20220601,강원도,강릉시,교2동,3,7667,10,5,6915,8,5,3416,3,1,3499,5,4,17,0,13,0,4,0,14
제8회 전국동시지방선거,20220601,강원도,강릉시,포남1동,3,10514,9,11,9540,9,11,4638,6,4,4902,3,7,23,0,19,0,4,0,15
제8회 전국동시지방선거,20220601,강원도,강릉시,포남2동,4,12753,21,11,11436,20,11,5551,10,3,5885,10,8,16,0,14,0,2,0,16
제8회 전국동시지방선거,20220601,강원도,강릉시,초당동,2,4707,8,4,4142,8,4,2009,4,1,2133,4,3,3,0,3,0,0,0,17
제8회 전국동시지방선거,20220601,강원도,강릉시,송정동,2,10038,8,6,8380,8,6,4000,2,3,4380,6,3,21,0,19,0,2,0,18
제8회 전국동시지방선거,20220601,강원도,강릉시,내곡동,3,16402,14,8,13915,13,8,6979,6,3,6936,7,5,31,0,24,0,7,0,19
제8회 전국동시지방선거,20220601,강원도,강릉시,강남동,6,17662,19,8,15707,19,8,7839,11,2,7868,8,6,26,0,22,0,4,0,20
제8회 전국동시지방선거,20220601,강원도,강릉시,성덕동,6,27920,16,11,23182,12,11,11289,6,2,11893,6,9,40,0,34,0,6,0,21
제8회 전국동시지방선거,20220601,강원도,강릉시,경포동,3,11286,11,8,9302,11,8,4723,5,2,4579,6,6,15,0,13,0,2,0,22
제8회 전국동시지방선거,20220601,강원도,고성군,합계,23,27399,33,15,24776,31,15,12727,11,2,12049,20,13,192,0,168,0,24,0,1
제8회 전국동시지방선거,20220601,강원도,고성군,간성읍,5,7110,5,0,6097,5,0,3211,2,0,2886,3,0,109,0,102,0,7,0,2
제8회 전국동시지방선거,20220601,강원도,고성군,거진읍,6,5972,5,4,5554,5,4,2753,3,0,2801,2,4,31,0,27,0,4,0,3
제8회 전국동시지방선거,20220601,강원도,고성군,현내면,4,2297,2,0,2163,2,0,1054,1,0,1109,1,0,9,0,6,0,3,0,4
제8회 전국동시지방선거,20220601,강원도,고성군,죽왕면,4,3460,7,6,3240,7,6,1667,1,0,1573,6,6,11,0,11,0,0,0,5
제8회 전국동시지방선거,20220601,강원도,고성군,토성면,4,8560,14,5,7722,12,5,4042,4,2,3680,8,3,32,0,22,0,10,0,6
제8회 전국동시지방선거,20220601,강원도,동해시,합계,33,89690,58,46,76886,56,46,38907,19,16,37979,37,30,948,0,858,0,90,0,1
제8회 전국동시지방선거,20220601,강원도,동해시,천곡동,9,30695,25,18,25470,25,18,12562,8,6,12908,17,12,476,0,433,0,43,0,2
제8회 전국동시지방선거,20220601,강원도,동해시,송정동,2,3698,3,5,3426,3,5,1892,2,3,1534,1,2,163,0,147,0,16,0,3
제8회 전국동시지방선거,20220601,강원도,동해시,북삼동,6,19961,8,5,16642,8,5,8641,2,2,8001,6,3,143,0,133,0,10,0,4
제8회 전국동시지방선거,20220601,강원도,동해시,부곡동,3,4926,3,1,4520,3,1,2169,0,0,2351,3,1,14,0,12,0,2,0,5
제8회 전국동시지방선거,20220601,강원도,동해시,동호동,2,5070,4,3,4468,4,3,2231,0,1,2237,4,2,41,0,32,0,9,0,6
제8회 전국동시지방선거,20220601,강원도,동해시,발한동,2,3302,4,0,3095,3,0,1570,1,0,1525,2,0,21,0,20,0,1,0,7
제8회 전국동시지방선거,20220601,강원도,동해시,묵호동,2,3002,2,2,2809,2,2,1394,2,0,1415,0,2,4,0,4,0,0,0,8
제8회 전국동시지방선거,20220601,강원도,동해시,북평동,3,12824,5,11,10728,5,11,5513,1,4,5215,4,7,71,0,67,0,4,0,9
제8회 전국동시지방선거,20220601,강원도,동해시,망상동,2,3453,3,0,3154,2,0,1592,2,0,1562,0,0,8,0,5,0,3,0,10
제8회 전국동시지방선거,20220601,강원도,동해시,삼화동,2,2759,1,1,2574,1,1,1343,1,0,1231,0,1,7,0,5,0,2,0,11
제8회 전국동시지방선거,20220601,강원도,삼척시,합계,45,64303,39,49,57023,38,49,28745,15,12,28278,23,37,184,0,136,0,48,0,1
제8회 전국동시지방선거,20220601,강원도,삼척시,도계읍,8,9890,4,4,9203,4,4,4591,2,1,4612,2,3,28,0,21,0,7,0,2
제8회 전국동시지방선거,20220601,강원도,삼척시,원덕읍,4,4892,2,2,4637,2,2,2406,1,1,2231,1,1,25,0,15,0,10,0,3
제8회 전국동시지방선거,20220601,강원도,삼척시,근덕면,5,5021,3,2,4804,3,2,2463,1,0,2341,2,2,16,0,11,0,5,0,4
제8회 전국동시지방선거,20220601,강원도,삼척시,하장면,3,1291,1,6,1239,1,6,669,0,2,570,1,4,7,0,5,0,2,0,5
제8회 전국동시지방선거,20220601,강원도,삼척시,노곡면,2,708,0,0,695,0,0,380,0,0,315,0,0,11,0,6,0,5,0,6
제8회 전국동시지방선거,20220601,강원도,삼척시,미로면,3,1807,2,1,1735,2,1,896,1,0,839,1,1,7,0,7,0,0,0,7
제8회 전국동시지방선거,20220601,강원도,삼척시,가곡면,2,671,0,1,640,0,1,325,0,0,315,0,1,6,0,2,0,4,0,8
제8회 전국동시지방선거,20220601,강원도,삼척시,신기면,1,675,0,0,650,0,0,355,0,0,295,0,0,4,0,1,0,3,0,9
제8회 전국동시지방선거,20220601,강원도,삼척시,남양동,5,7279,9,9,6709,8,9,3265,2,1,3444,6,8,15,0,12,0,3,0,10
제8회 전국동시지방선거,20220601,강원도,삼척시,성내동,4,7819,3,9,6750,3,9,3296,1,3,3454,2,6,28,0,21,0,7,0,11
제8회 전국동시지방선거,20220601,강원도,삼척시,교동,4,15637,10,5,12476,10,5,6326,4,2,6150,6,3,20,0,20,0,0,0,12
제8회 전국동시지방선거,20220601,강원도,삼척시,정라동,4,8613,5,10,7485,5,10,3773,3,2,3712,2,8,17,0,15,0,2,0,13
제8회 전국동시지방선거,20220601,강원도,속초시,합계,28,82789,128,87,71621,121,87,35315,55,27,36306,66,60,283,0,252,0,31,0,1
제8회 전국동시지방선거,20220601,강원도,속초시,영랑동,2,4439,12,7,4099,11,7,2131,7,3,1968,4,4,10,0,9,0,1,0,2
제8회 전국동시지방선거,20220601,강원도,속초시,동명동,2,3519,4,4,3096,4,4,1561,2,1,1535,2,3,4,0,4,0,0,0,3
제8회 전국동시지방선거,20220601,강원도,속초시,금호동,4,6043,25,8,5500,24,8,2681,11,4,2819,13,4,14,0,12,0,2,0,4
제8회 전국동시지방선거,20220601,강원도,속초시,교동,3,9545,16,19,8458,14,19,4128,7,9,4330,7,10,32,0,30,0,2,0,5
제8회 전국동시지방선거,20220601,강원도,속초시,노학동,6,21878,29,19,18862,27,19,9365,13,5,9497,14,14,89,0,79,0,10,0,6
제8회 전국동시지방선거,20220601,강원도,속초시,조양동,7,29259,26,21,24186,25,21,11698,11,2,12488,14,19,111,0,98,0,13,0,7
제8회 전국동시지방선거,20220601,강원도,속초시,청호동,2,4985,10,4,4480,10,4,2247,2,1,2233,8,3,12,0,10,0,2,0,8
제8회 전국동시지방선거,20220601,강원도,속초시,대포동,2,3121,6,5,2940,6,5,1504,2,2,1436,4,3,11,0,10,0,1,0,9
제8회 전국동시지방선거,20220601,강원도,양구군,합계,19,21729,9,37,18552,9,37,9816,4,0,8736,5,37,301,0,270,0,31,0,1
제8회 전국동시지방선거,20220601,강원도,양구군,양구읍,8,13811,5,20,11188,5,20,5714,2,0,5474,3,20,136,0,125,0,11,0,2
제8회 전국동시지방선거,20220601,강원도,양구군,국토정중앙면,4,3352,3,11,3123,3,11,1744,2,0,1379,1,11,37,0,32,0,5,0,3
제8회 전국동시지방선거,20220601,강원도,양구군,동면,3,2039,1,3,1886,1,3,1045,0,0,841,1,3,61,0,53,0,8,0,4
제8회 전국동시지방선거,20220601,강원도,양구군,방산면,3,1273,0,2,1183,0,2,679,0,0,504,0,2,63,0,58,0,5,0,5
제8회 전국동시지방선거,20220601,강원도,양구군,해안면,1,1254,0,1,1172,0,1,634,0,0,538,0,1,4,0,2,0,2,0,6
제8회 전국동시지방선거,20220601,강원도,양양군,합계,22,27955,37,30,25359,37,30,12893,14,5,12466,23,25,104,0,62,0,42,0,1
제8회 전국동시지방선거,20220601,강원도,양양군,양양읍,5,12703,12,14,11040,12,14,5561,4,4,5479,8,10,38,0,30,0,8,0,2
제8회 전국동시지방선거,20220601,강원도,양양군,서면,4,2799,2,2,2634,2,2,1353,2,0,1281,0,2,8,0,5,0,3,0,3
제8회 전국동시지방선거,20220601,강원도,양양군,손양면,2,2288,1,6,2166,1,6,1096,0,0,1070,1,6,9,0,4,0,5,0,4
제8회 전국동시지방선거,20220601,강원도,양양군,현북면,4,2615,10,1,2468,10,1,1278,4,1,1190,6,0,21,0,12,0,9,0,5
제8회 전국동시지방선거,20220601,강원도,양양군,현남면,3,2958,5,2,2794,5,2,1440,2,0,1354,3,2,22,0,8,0,14,0,6
제8회 전국동시지방선거,20220601,강원도,양양군,강현면,4,4592,7,5,4257,7,5,2165,2,0,2092,5,5,6,0,3,0,3,0,7
제8회 전국동시지방선거,20220601,강원도,영월군,합계,29,38003,46,27,34371,44,27,17701,21,6,16670,23,21,102,0,63,0,39,0,1
제8회 전국동시지방선거,20220601,강원도,영월군,영월읍,9,20894,24,10,18140,24,10,9146,10,2,8994,14,8,54,0,39,0,15,0,2
제8회 전국동시지방선거,20220601,강원도,영월군,상동읍,3,1009,0,0,969,0,0,507,0,0,462,0,0,2,0,0,0,2,0,3
제8회 전국동시지방선거,20220601,강원도,영월군,산솔면,2,1417,0,3,1352,0,3,731,0,0,621,0,3,6,0,2,0,4,0,4
제8회 전국동시지방선거,20220601,강원도,영월군,김삿갓면,2,1739,5,1,1655,4,1,867,2,0,788,2,1,2,0,0,0,2,0,5
제8회 전국동시지방선거,20220601,강원도,영월군,북면,3,2069,1,3,1969,1,3,1033,0,0,936,1,3,6,0,4,0,2,0,6
제8회 전국동시지방선거,20220601,강원도,영월군,남면,3,2224,3,3,2115,3,3,1137,1,2,978,2,1,10,0,4,0,6,0,7
제8회 전국동시지방선거,20220601,강원도,영월군,한반도면,2,2850,1,2,2701,1,2,1488,1,1,1213,0,1,10,0,6,0,4,0,8
제8회 전국동시지방선거,20220601,강원도,영월군,주천면,3,3731,4,3,3501,3,3,1782,2,1,1719,1,2,9,0,5,0,4,0,9
제8회 전국동시지방선거,20220601,강원도,영월군,무릉도원면,2,2070,8,2,1969,8,2,1010,5,0,959,3,2,3,0,3,0,0,0,10
제8회 전국동시지방선거,20220601,강원도,원주시,합계,90,359347,432,350,304060,414,350,149643,189,109,154417,225,241,493,0,401,0,92,0,1
제8회 전국동시지방선거,20220601,강원도,원주시,문막읍,5,18069,27,28,15771,23,28,8029,15,5,7742,8,23,20,0,17,0,3,0,2
제8회 전국동시지방선거,20220601,강원도,원주시,소초면,4,8422,15,6,7714,15,6,4106,8,1,3608,7,5,10,0,5,0,5,0,3
제8회 전국동시지방선거,20220601,강원도,원주시,호저면,2,3648,1,2,3446,1,2,1801,0,1,1645,1,1,9,0,6,0,3,0,4
제8회 전국동시지방선거,20220601,강원도,원주시,지정면,6,29134,27,21,22033,27,21,10809,8,6,11224,19,15,21,0,18,0,3,0,5
제8회 전국동시지방선거,20220601,강원도,원주시,부론면,1,2233,3,6,2130,3,6,1090,1,2,1040,2,4,4,0,3,0,1,0,6
제8회 전국동시지방선거,20220601,강원도,원주시,귀래면,1,2158,2,1,2068,2,1,1069,0,0,999,2,1,5,0,3,0,2,0,7
제8회 전국동시지방선거,20220601,강원도,원주시,흥업면,3,9404,80,8,8404,76,8,4467,44,4,3937,32,4,18,0,17,0,1,0,8
제8회 전국동시지방선거,20220601,강원도,원주시,판부면,3,7325,7,3,6436,7,3,3405,5,1,3031,2,2,16,0,13,0,3,0,9
제8회 전국동시지방선거,20220601,강원도,원주시,신림면,2,3553,3,2,3412,3,2,1744,2,2,1668,1,0,4,0,3,0,1,0,10
제8회 전국동시지방선거,20220601,강원도,원주시,중앙동,1,2513,5,12,2389,5,12,1259,1,4,1130,4,8,7,0,5,0,2,0,11
제8회 전국동시지방선거,20220601,강원도,원주시,원인동,2,4384,5,9,3964,5,9,1858,1,3,2106,4,6,4,0,3,0,1,0,12
제8회 전국동시지방선거,20220601,강원도,원주시,개운동,3,12764,14,18,11209,14,18,5303,7,2,5906,7,16,15,0,10,0,5,0,13
제8회 전국동시지방선거,20220601,강원도,원주시,명륜1동,3,8298,7,13,7384,7,13,3531,5,6,3853,2,7,13,0,11,0,2,0,14
제8회 전국동시지방선거,20220601,강원도,원주시,명륜2동,4,17148,12,21,14832,12,21,7113,4,10,7719,8,11,39,0,32,0,7,0,15
제8회 전국동시지방선거,20220601,강원도,원주시,단구동,10,44442,33,45,37310,32,45,18070,12,12,19240,20,33,63,0,53,0,10,0,16
제8회 전국동시지방선거,20220601,강원도,원주시,일산동,2,8585,17,11,7772,17,11,3700,4,1,4072,13,10,7,0,6,0,1,0,17
제8회 전국동시지방선거,20220601,강원도,원주시,학성동,2,4633,5,11,4279,5,11,2082,3,5,2197,2,6,10,0,8,0,2,0,18
제8회 전국동시지방선거,20220601,강원도,원주시,단계동,6,28732,34,31,24902,34,31,11994,14,12,12908,20,19,38,0,32,0,6,0,19
제8회 전국동시지방선거,20220601,강원도,원주시,우산동,3,13548,13,15,11704,13,15,6138,8,6,5566,5,9,16,0,14,0,2,0,20
제8회 전국동시지방선거,20220601,강원도,원주시,태장1동,2,10284,10,10,8737,9,10,4369,5,3,4368,4,7,17,0,15,0,2,0,21
제8회 전국동시지방선거,20220601,강원도,원주시,태장2동,6,24747,10,17,21149,10,17,10509,6,4,10640,4,13,32,0,27,0,5,0,22
제8회 전국동시지방선거,20220601,강원도,원주시,봉산동,3,7838,12,5,7137,9,5,3472,2,2,3665,7,3,13,0,9,0,4,0,23
제8회 전국동시지방선거,20220601,강원도,원주시,행구동,2,7839,11,0,6671,10,0,3296,6,0,3375,4,0,10,0,8,0,2,0,24
제8회 전국동시지방선거,20220601,강원도,원주시,무실동,6,34916,38,33,28167,38,33,13515,9,11,14652,29,22,44,0,37,0,7,0,25
제8회 전국동시지방선거,20220601,강원도,원주시,반곡관설동,8,44730,41,22,35040,37,22,16914,19,6,18126,18,16,58,0,46,0,12,0,26
제8회 전국동시지방선거,20220601,강원도,인제군,합계,23,32227,13,23,27939,12,23,15330,6,4,12609,6,19,197,0,166,0,31,0,1
제8회 전국동시지방선거,20220601,강원도,인제군,인제읍,5,10835,1,10,9105,1,10,4813,1,0,4292,0,10,37,0,33,0,4,0,2
제8회 전국동시지방선거,20220601,강원도,인제군,남면,2,3802,0,2,3356,0,2,1852,0,1,1504,0,1,33,0,15,0,18,0,3
제8회 전국동시지방선거,20220601,강원도,인제군,북면,5,8013,3,4,6982,2,4,3784,1,2,3198,1,2,39,0,37,0,2,0,4
제8회 전국동시지방선거,20220601,강원도,인제군,기린면,6,4998,4,0,4389,4,0,2419,2,0,1970,2,0,9,0,7,0,2,0,5
제8회 전국동시지방선거,20220601,강원도,인제군,서화면,3,2555,0,4,2270,0,4,1395,0,0,875,0,4,77,0,72,0,5,0,6
제8회 전국동시지방선거,20220601,강원도,인제군,상남면,2,2024,5,3,1837,5,3,1067,2,1,770,3,2,2,0,2,0,0,0,7
제8회 전국동시지방선거,20220601,강원도,정선군,합계,30,35429,22,34,32001,22,34,16705,9,4,15296,13,30,83,0,57,0,26,0,1
제8회 전국동시지방선거,20220601,강원도,정선군,정선읍,7,10324,4,11,9028,4,11,4619,2,1,4409,2,10,28,0,16,0,12,0,2
제8회 전국동시지방선거,20220601,강원도,정선군,고한읍,3,4356,3,3,3908,3,3,2070,1,0,1838,2,3,5,0,4,0,1,0,3
제8회 전국동시지방선거,20220601,강원도,정선군,사북읍,2,4630,3,3,4080,3,3,2150,1,0,1930,2,3,14,0,12,0,2,0,4
제8회 전국동시지방선거,20220601,강원도,정선군,신동읍,4,3385,1,4,3117,1,4,1604,1,0,1513,0,4,6,0,6,0,0,0,5
제8회 전국동시지방선거,20220601,강원도,정선군,화암면,2,1631,1,2,1526,1,2,836,1,0,690,0,2,2,0,1,0,1,0,6
제8회 전국동시지방선거,20220601,강원도,정선군,남면,3,3168,4,4,2893,4,4,1537,1,0,1356,3,4,2,0,2,0,0,0,7
제8회 전국동시지방선거,20220601,강원도,정선군,여량면,2,1971,1,3,1875,1,3,975,0,0,900,1,3,12,0,10,0,2,0,8
제8회 전국동시지방선거,20220601,강원도,정선군,북평면,2,2500,5,4,2287,5,4,1163,2,3,1124,3,1,3,0,2,0,1,0,9
제8회 전국동시지방선거,20220601,강원도,정선군,임계면,5,3464,0,0,3287,0,0,1751,0,0,1536,0,0,11,0,4,0,7,0,10
제8회 전국동시지방선거,20220601,강원도,철원군,합계,35,42901,30,38,37099,30,38,19238,14,6,17861,16,32,503,0,434,0,69,0,1
제8회 전국동시지방선거,20220601,강원도,철원군,철원읍,5,5238,3,7,4492,3,7,2264,0,1,2228,3,6,34,0,33,0,1,0,2
제8회 전국동시지방선거,20220601,강원도,철원군,김화읍,4,3401,3,2,2867,3,2,1524,2,0,1343,1,2,67,0,66,0,1,0,3
제8회 전국동시지방선거,20220601,강원도,철원군,갈말읍,9,11832,13,17,10345,13,17,5529,8,3,4816,5,14,200,0,153,0,47,0,4
제8회 전국동시지방선거,20220601,강원도,철원군,동송읍,10,14741,6,10,12644,6,10,6399,2,1,6245,4,9,110,0,101,0,9,0,5
제8회 전국동시지방선거,20220601,강원도,철원군,서면,3,5435,5,2,4764,5,2,2483,2,1,2281,3,1,38,0,31,0,7,0,6
제8회 전국동시지방선거,20220601,강원도,철원군,근남면,3,2148,0,0,1884,0,0,991,0,0,893,0,0,53,0,49,0,4,0,7
제8회 전국동시지방선거,20220601,강원도,철원군,근북면,1,106,0,0,103,0,0,48,0,0,55,0,0,1,0,1,0,0,0,8
제8회 전국동시지방선거,20220601,강원도,춘천시,합계,85,285852,392,224,244406,375,224,119559,150,66,124847,225,158,630,0,458,0,172,0,1
제8회 전국동시지방선거,20220601,강원도,춘천시,신북읍,4,7513,8,14,6886,8,14,3446,4,3,3440,4,11,38,0,24,0,14,0,2
제8회 전국동시지방선거,20220601,강원도,춘천시,동면,5,19403,18,7,15462,17,7,7523,7,3,7939,10,4,35,0,26,0,9,0,3
제8회 전국동시지방선거,20220601,강원도,춘천시,동산면,2,1457,0,1,1395,0,1,749,0,0,646,0,1,1,0,0,0,1,0,4
제8회 전국동시지방선거,20220601,강원도,춘천시,신동면,1,2600,5,2,2398,5,2,1247,0,0,1151,5,2,30,0,20,0,10,0,5
제8회 전국동시지방선거,20220601,강원도,춘천시,동내면,4,17076,13,11,14507,12,11,7182,3,3,7325,9,8,47,0,30,0,17,0,6
제8회 전국동시지방선거,20220601,강원도,춘천시,남면,1,1079,1,0,1036,1,0,556,1,0,480,0,0,0,0,0,0,0,0,7
제8회 전국동시지방선거,20220601,강원도,춘천시,남산면,3,3432,6,2,3247,5,2,1702,3,1,1545,2,1,4,0,4,0,0,0,8
제8회 전국동시지방선거,20220601,강원도,춘천시,서면,3,3721,9,5,3495,9,5,1791,2,1,1704,7,4,13,0,4,0,9,0,9
제8회 전국동시지방선거,20220601,강원도,춘천시,사북면,3,2490,9,1,2326,9,1,1147,3,1,1179,6,0,1,0,1,0,0,0,10
제8회 전국동시지방선거,20220601,강원도,춘천시,북산면,2,971,0,0,942,0,0,524,0,0,418,0,0,0,0,0,0,0,0,11
제8회 전국동시지방선거,20220601,강원도,춘천시,소양동,3,9163,14,12,7895,14,12,3834,5,5,4061,9,7,17,0,14,0,3,0,12
제8회 전국동시지방선거,20220601,강원도,춘천시,교동,1,3556,5,5,3353,5,5,1721,0,1,1632,5,4,6,0,6,0,0,0,13
제8회 전국동시지방선거,20220601,강원도,춘천시,조운동,1,2641,4,5,2483,4,5,1192,2,1,1291,2,4,4,0,2,0,2,0,14
제8회 전국동시지방선거,20220601,강원도,춘천시,약사명동,1,3376,12,5,2991,12,5,1401,7,1,1590,5,4,4,0,2,0,2,0,15
제8회 전국동시지방선거,20220601,강원도,춘천시,근화동,2,8352,16,7,6968,16,7,3446,5,1,3522,11,6,19,0,16,0,3,0,16
제8회 전국동시지방선거,20220601,강원도,춘천시,후평1동,3,11393,17,16,10332,15,16,5127,5,6,5205,10,10,25,0,19,0,6,0,17
제8회 전국동시지방선거,20220601,강원도,춘천시,후평2동,3,14480,20,6,12222,18,6,5754,6,2,6468,12,4,29,0,24,0,5,0,18
제8회 전국동시지방선거,20220601,강원도,춘천시,후평3동,5,20545,27,17,17513,24,17,8226,11,1,9287,13,16,49,0,34,0,15,0,19
제8회 전국동시지방선거,20220601,강원도,춘천시,효자1동,1,4367,6,3,3769,6,3,1857,3,0,1912,3,3,9,0,5,0,4,0,20
제8회 전국동시지방선거,20220601,강원도,춘천시,효자2동,4,12042,18,14,11228,15,14,5894,7,3,5334,8,11,35,0,22,0,13,0,21
제8회 전국동시지방선거,20220601,강원도,춘천시,효자3동,1,4418,4,6,4128,3,6,2059,2,3,2069,1,3,10,0,6,0,4,0,22
제8회 전국동시지방선거,20220601,강원도,춘천시,석사동,9,34264,46,28,28949,46,28,14152,18,9,14797,28,19,99,0,66,0,33,0,23
제8회 전국동시지방선거,20220601,강원도,춘천시,퇴계동,12,48268,63,32,39901,61,32,18974,26,13,20927,35,19,66,0,58,0,8,0,24
제8회 전국동시지방선거,20220601,강원도,춘천시,강남동,5,24517,44,14,20667,44,14,9956,18,6,10711,26,8,31,0,24,0,7,0,25
제8회 전국동시지방선거,20220601,강원도,춘천시,신사우동,6,24728,27,11,20313,26,11,10099,12,2,10214,14,9,58,0,51,0,7,0,26
제8회 전국동시지방선거,20220601,강원도,태백시,합계,24,40282,18,32,35236,18,32,17702,7,7,17534,11,25,57,0,43,0,14,0,1
제8회 전국동시지방선거,20220601,강원도,태백시,황지동,3,5990,4,7,5149,4,7,2528,2,4,2621,2,3,7,0,6,0,1,0,2
제8회 전국동시지방선거,20220601,강원도,태백시,황연동,3,4210,2,0,3821,2,0,1941,1,0,1880,1,0,5,0,4,0,1,0,3
제8회 전국동시지방선거,20220601,강원도,태백시,삼수동,3,5601,0,7,4889,0,7,2480,0,1,2409,0,6,9,0,8,0,1,0,4
제8회 전국동시지방선거,20220601,강원도,태백시,상장동,5,12951,4,12,10761,4,12,5382,1,2,5379,3,10,21,0,15,0,6,0,5
제8회 전국동시지방선거,20220601,강원도,태백시,문곡소도동,3,3785,3,2,3450,3,2,1737,1,0,1713,2,2,2,0,1,0,1,0,6
제8회 전국동시지방선거,20220601,강원도,태백시,장성동,3,3307,3,1,3047,3,1,1509,2,0,1538,1,1,5,0,3,0,2,0,7
제8회 전국동시지방선거,20220601,강원도,태백시,구문소동,2,2464,2,2,2245,2,2,1138,0,0,1107,2,2,5,0,4,0,1,0,8
제8회 전국동시지방선거,20220601,강원도,태백시,철암동,2,1974,0,1,1874,0,1,987,0,0,887,0,1,3,0,2,0,1,0,9
제8회 전국동시지방선거,20220601,강원도,평창군,합계,32,41179,64,59,37372,54,59,19240,15,14,18132,39,45,52,0,45,0,7,0,1
제8회 전국동시지방선거,20220601,강원도,평창군,평창읍,7,8493,9,21,7586,5,21,3881,1,2,3705,4,19,10,0,8,0,2,0,2
제8회 전국동시지방선거,20220601,강원도,평창군,미탄면,2,1626,0,4,1546,0,4,813,0,1,733,0,3,4,0,3,0,1,0,3
제8회 전국동시지방선거,20220601,강원도,평창군,방림면,3,2561,0,2,2407,0,2,1244,0,0,1163,0,2,5,0,5,0,0,0,4
제8회 전국동시지방선거,20220601,강원도,평창군,대화면,4,5162,5,5,4732,3,5,2421,2,1,2311,1,4,8,0,8,0,0,0,5
제8회 전국동시지방선거,20220601,강원도,평창군,봉평면,3,5765,9,3,5164,7,3,2727,0,0,2437,7,3,7,0,5,0,2,0,6
제8회 전국동시지방선거,20220601,강원도,평창군,용평면,3,3094,8,4,2841,7,4,1433,3,2,1408,4,2,3,0,3,0,0,0,7
제8회 전국동시지방선거,20220601,강원도,평창군,진부면,7,8556,8,8,7723,8,8,3873,2,1,3850,6,7,9,0,7,0,2,0,8
제8회 전국동시지방선거,20220601,강원도,평창군,대관령면,3,5922,25,12,5373,24,12,2848,7,7,2525,17,5,6,0,6,0,0,0,9
제8회 전국동시지방선거,20220601,강원도,홍천군,합계,40,68001,60,67,60743,58,67,31274,25,15,29469,33,52,140,0,104,0,36,0,1
제8회 전국동시지방선거,20220601,강원도,홍천군,홍천읍,12,33761,19,36,28814,18,36,14493,10,10,14321,8,26,58,0,49,0,9,0,2
제8회 전국동시지방선거,20220601,강원도,홍천군,화촌면,4,4524,2,3,4308,2,3,2282,0,1,2026,2,2,52,0,35,0,17,0,3
제8회 전국동시지방선거,20220601,강원도,홍천군,두촌면,2,2427,5,0,2315,5,0,1159,2,0,1156,3,0,2,0,1,0,1,0,4
제8회 전국동시지방선거,20220601,강원도,홍천군,내촌면,3,2414,1,2,2306,1,2,1203,0,0,1103,1,2,2,0,0,0,2,0,5
제8회 전국동시지방선거,20220601,강원도,홍천군,서석면,4,3727,3,3,3472,3,3,1782,3,0,1690,0,3,8,0,6,0,2,0,6
제8회 전국동시지방선거,20220601,강원도,홍천군,영귀미면,3,4101,6,3,3852,5,3,1982,1,0,1870,4,3,6,0,1,0,5,0,7
제8회 전국동시지방선거,20220601,강원도,홍천군,남면,3,6138,10,7,5449,10,7,2964,4,1,2485,6,6,3,0,3,0,0,0,8
제8회 전국동시지방선거,20220601,강원도,홍천군,서면,3,3802,7,2,3619,7,2,1899,3,0,1720,4,2,1,0,1,0,0,0,9
제8회 전국동시지방선거,20220601,강원도,홍천군,북방면,3,3994,6,10,3718,6,10,1963,1,3,1755,5,7,6,0,6,0,0,0,10
제8회 전국동시지방선거,20220601,강원도,홍천군,내면,3,3113,1,1,2890,1,1,1547,1,0,1343,0,1,2,0,2,0,0,0,11
제8회 전국동시지방선거,20220601,강원도,화천군,합계,21,24064,15,18,21055,14,18,11476,4,2,9579,10,16,215,0,201,0,14,0,1
제8회 전국동시지방선거,20220601,강원도,화천군,화천읍,4,8286,2,6,7036,2,6,3647,0,0,3389,2,6,83,0,79,0,4,0,2
제8회 전국동시지방선거,20220601,강원도,화천군,간동면,4,2659,3,2,2514,3,2,1339,2,1,1175,1,1,4,0,4,0,0,0,3
제8회 전국동시지방선거,20220601,강원도,화천군,하남면,3,2864,4,4,2552,3,4,1342,0,1,1210,3,3,10,0,7,0,3,0,4
제8회 전국동시지방선거,20220601,강원도,화천군,상서면,6,4048,3,2,3673,3,2,2279,1,0,1394,2,2,87,0,84,0,3,0,5
제8회 전국동시지방선거,20220601,강원도,화천군,사내면,4,6207,3,4,5280,3,4,2869,1,0,2411,2,4,31,0,27,0,4,0,6
제8회 전국동시지방선거,20220601,강원도,횡성군,합계,26,46642,58,43,41777,56,43,21376,28,10,20401,28,33,55,0,45,0,10,0,1
제8회 전국동시지방선거,20220601,강원도,횡성군,횡성읍,7,20995,16,17,17995,15,17,9018,10,5,8977,5,12,23,0,21,0,2,0,2
제8회 전국동시지방선거,20220601,강원도,횡성군,우천면,3,4456,8,2,4181,7,2,2208,2,0,1973,5,2,3,0,3,0,0,0,3
제8회 전국동시지방선거,20220601,강원도,횡성군,안흥면,2,3188,5,6,2653,5,6,1347,1,3,1306,4,3,3,0,3,0,0,0,4
제8회 전국동시지방선거,20220601,강원도,횡성군,둔내면,4,5886,8,10,5350,8,10,2775,5,2,2575,3,8,7,0,5,0,2,0,5
제8회 전국동시지방선거,20220601,강원도,횡성군,갑천면,2,2429,6,2,2343,6,2,1212,3,0,1131,3,2,4,0,2,0,2,0,6
제8회 전국동시지방선거,20220601,강원도,횡성군,청일면,3,2386,2,3,2303,2,3,1175,0,0,1128,2,3,2,0,2,0,0,0,7
제8회 전국동시지방선거,20220601,강원도,횡성군,공근면,2,3470,8,2,3310,8,2,1724,6,0,1586,2,2,8,0,5,0,3,0,8
제8회 전국동시지방선거,20220601,강원도,횡성군,서원면,2,2076,2,0,1974,2,0,1044,0,0,930,2,0,2,0,1,0,1,0,9
제8회 전국동시지방선거,20220601,강원도,횡성군,강림면,1,1756,3,1,1668,3,1,873,1,0,795,2,1,3,0,3,0,0,0,10
제8회 전국동시지방선거,20220601,전라북도,고창군,합계,27,53163,48,48,47581,46,48,23369,19,3,24212,27,45,344,0,141,0,203,0,1
제8회 전국동시지방선거,20220601,전라북도,고창군,고창읍,7,21019,18,19,17299,17,19,8401,7,0,8898,10,19,80,0,37,0,43,0,2
제8회 전국동시지방선거,20220601,전라북도,고창군,고수면,1,2213,1,1,2110,1,1,1082,0,0,1028,1,1,16,0,7,0,9,0,3
제8회 전국동시지방선거,20220601,전라북도,고창군,아산면,2,2579,2,1,2439,2,1,1244,1,0,1195,1,1,12,0,3,0,9,0,4
제8회 전국동시지방선거,20220601,전라북도,고창군,무장면,1,2689,2,8,2460,2,8,1203,1,0,1257,1,8,53,0,15,0,38,0,5
제8회 전국동시지방선거,20220601,전라북도,고창군,공음면,2,2451,2,1,2306,2,1,1132,2,0,1174,0,1,17,0,9,0,8,0,6
제8회 전국동시지방선거,20220601,전라북도,고창군,상하면,1,2369,1,2,2210,1,2,1066,1,0,1144,0,2,8,0,5,0,3,0,7
제8회 전국동시지방선거,20220601,전라북도,고창군,해리면,2,2669,3,3,2542,3,3,1250,1,0,1292,2,3,9,0,5,0,4,0,8
제8회 전국동시지방선거,20220601,전라북도,고창군,성송면,2,1756,1,4,1682,1,4,834,1,2,848,0,2,35,0,11,0,24,0,9
제8회 전국동시지방선거,20220601,전라북도,고창군,대산면,2,3189,1,2,3003,0,2,1476,0,0,1527,0,2,13,0,9,0,4,0,10
제8회 전국동시지방선거,20220601,전라북도,고창군,심원면,1,2440,4,0,2291,4,0,1143,0,0,1148,4,0,10,0,5,0,5,0,11
제8회 전국동시지방선거,20220601,전라북도,고창군,흥덕면,2,3149,4,2,2943,4,2,1436,1,0,1507,3,2,33,0,13,0,20,0,12
제8회 전국동시지방선거,20220601,전라북도,고창군,성내면,1,1919,2,0,1832,2,0,946,1,0,886,1,0,28,0,11,0,17,0,13
제8회 전국동시지방선거,20220601,전라북도,고창군,신림면,1,2164,1,1,2049,1,1,984,0,0,1065,1,1,16,0,8,0,8,0,14
제8회 전국동시지방선거,20220601,전라북도,고창군,부안면,2,2557,6,4,2415,6,4,1172,3,1,1243,3,3,14,0,3,0,11,0,15
제8회 전국동시지방선거,20220601,전라북도,군산시,합계,85,264639,204,379,224926,195,379,113457,82,133,111469,113,246,498,0,362,0,136,0,1
제8회 전국동시지방선거,20220601,전라북도,군산시,옥구읍,1,3072,2,1,2903,2,1,1487,0,0,1416,2,1,10,0,6,0,4,0,2
제8회 전국동시지방선거,20220601,전라북도,군산시,옥산면,1,4668,3,2,3807,3,2,1947,2,1,1860,1,1,6,0,3,0,3,0,3
제8회 전국동시지방선거,20220601,전라북도,군산시,회현면,1,3346,3,3,2906,3,3,1488,3,0,1418,0,3,7,0,5,0,2,0,4
제8회 전국동시지방선거,20220601,전라북도,군산시,임피면,1,2582,1,0,2450,1,0,1247,0,0,1203,1,0,29,0,13,0,16,0,5
제8회 전국동시지방선거,20220601,전라북도,군산시,서수면,1,2477,3,2,2327,3,2,1156,2,0,1171,1,2,4,0,2,0,2,0,6
제8회 전국동시지방선거,20220601,전라북도,군산시,대야면,2,4853,11,1,4554,9,1,2252,5,0,2302,4,1,8,0,4,0,4,0,7
제8회 전국동시지방선거,20220601,전라북도,군산시,개정면,1,2916,2,2,2750,2,2,1392,0,0,1358,2,2,15,0,7,0,8,0,8
제8회 전국동시지방선거,20220601,전라북도,군산시,성산면,1,2843,3,3,2652,3,3,1340,1,0,1312,2,3,5,0,4,0,1,0,9
제8회 전국동시지방선거,20220601,전라북도,군산시,나포면,1,2155,1,1,2051,1,1,1061,1,0,990,0,1,4,0,3,0,1,0,10
제8회 전국동시지방선거,20220601,전라북도,군산시,옥도면,10,3244,1,4,3046,1,4,1717,1,0,1329,0,4,11,0,11,0,0,0,11
제8회 전국동시지방선거,20220601,전라북도,군산시,옥서면,1,2912,2,0,2716,2,0,1380,1,0,1336,1,0,4,0,2,0,2,0,12
제8회 전국동시지방선거,20220601,전라북도,군산시,해신동,1,2244,6,8,2024,5,8,975,1,2,1049,4,6,7,0,5,0,2,0,13
제8회 전국동시지방선거,20220601,전라북도,군산시,월명동,2,5169,14,21,4721,12,21,2329,3,12,2392,9,9,8,0,4,0,4,0,14
제8회 전국동시지방선거,20220601,전라북도,군산시,삼학동,2,5424,7,16,5076,6,16,2445,2,5,2631,4,11,15,0,9,0,6,0,15
제8회 전국동시지방선거,20220601,전라북도,군산시,신풍동,3,6887,9,7,6181,9,7,3060,6,5,3121,3,2,21,0,11,0,10,0,16
제8회 전국동시지방선거,20220601,전라북도,군산시,중앙동,1,4363,7,15,3959,7,15,1976,1,5,1983,6,10,6,0,4,0,2,0,17
제8회 전국동시지방선거,20220601,전라북도,군산시,흥남동,4,12618,9,15,10755,9,15,5345,5,3,5410,4,12,16,0,14,0,2,0,18
제8회 전국동시지방선거,20220601,전라북도,군산시,조촌동,5,24711,12,24,19801,12,24,9981,4,4,9820,8,20,37,0,32,0,5,0,19
제8회 전국동시지방선거,20220601,전라북도,군산시,경암동,3,7290,10,9,6597,10,9,3295,5,0,3302,5,9,13,0,8,0,5,0,20
제8회 전국동시지방선거,20220601,전라북도,군산시,구암동,2,8229,7,11,7202,7,11,3607,5,5,3595,2,6,16,0,15,0,1,0,21
제8회 전국동시지방선거,20220601,전라북도,군산시,개정동,1,2756,3,4,2431,3,4,1228,2,0,1203,1,4,8,0,5,0,3,0,22
제8회 전국동시지방선거,20220601,전라북도,군산시,수송동,11,54448,30,45,42293,28,45,20929,11,10,21364,17,35,73,0,62,0,11,0,23
제8회 전국동시지방선거,20220601,전라북도,군산시,나운1동,4,12337,8,19,10898,8,19,5361,4,9,5537,4,10,23,0,18,0,5,0,24
제8회 전국동시지방선거,20220601,전라북도,군산시,나운2동,6,22839,8,20,19348,8,20,9311,4,5,10037,4,15,55,0,40,0,15,0,25
제8회 전국동시지방선거,20220601,전라북도,군산시,나운3동,9,31567,24,33,26283,24,33,13104,7,9,13179,17,24,58,0,43,0,15,0,26
제8회 전국동시지방선거,20220601,전라북도,군산시,소룡동,5,17311,4,87,15009,4,87,8305,2,46,6704,2,41,24,0,20,0,4,0,27
제8회 전국동시지방선거,20220601,전라북도,군산시,미성동,5,11378,14,26,10186,13,26,5739,4,12,4447,9,14,15,0,12,0,3,0,28
제8회 전국동시지방선거,20220601,전라북도,김제시,합계,37,80919,61,87,72358,60,87,35752,26,27,36606,34,60,341,0,184,0,157,0,1
제8회 전국동시지방선거,20220601,전라북도,김제시,만경읍,2,2616,1,7,2465,1,7,1222,0,5,1243,1,2,10,0,9,0,1,0,2
제8회 전국동시지방선거,20220601,전라북도,김제시,죽산면,1,2405,3,0,2275,3,0,1120,1,0,1155,2,0,17,0,9,0,8,0,3
제8회 전국동시지방선거,20220601,전라북도,김제시,백산면,2,2463,2,3,2308,2,3,1227,1,1,1081,1,2,15,0,10,0,5,0,4
제8회 전국동시지방선거,20220601,전라북도,김제시,용지면,1,3438,7,2,3242,7,2,1653,3,1,1589,4,1,71,0,29,0,42,0,5
제8회 전국동시지방선거,20220601,전라북도,김제시,백구면,2,3674,3,2,3420,3,2,1665,1,0,1755,2,2,5,0,3,0,2,0,6
제8회 전국동시지방선거,20220601,전라북도,김제시,부량면,1,1292,0,0,1199,0,0,573,0,0,626,0,0,1,0,1,0,0,0,7
제8회 전국동시지방선거,20220601,전라북도,김제시,공덕면,1,2443,2,0,2302,2,0,1180,1,0,1122,1,0,1,0,1,0,0,0,8
제8회 전국동시지방선거,20220601,전라북도,김제시,청하면,1,1719,2,6,1614,2,6,806,1,0,808,1,6,9,0,3,0,6,0,9
제8회 전국동시지방선거,20220601,전라북도,김제시,성덕면,1,1731,3,2,1645,3,2,826,1,1,819,2,1,8,0,1,0,7,0,10
제8회 전국동시지방선거,20220601,전라북도,김제시,진봉면,2,2547,2,5,2456,2,5,1178,0,0,1278,2,5,13,0,6,0,7,0,11
제8회 전국동시지방선거,20220601,전라북도,김제시,금구면,3,4909,5,0,4506,5,0,2293,3,0,2213,2,0,29,0,19,0,10,0,12
제8회 전국동시지방선거,20220601,전라북도,김제시,봉남면,1,2197,2,0,2067,2,0,1017,1,0,1050,1,0,4,0,1,0,3,0,13
제8회 전국동시지방선거,20220601,전라북도,김제시,황산면,1,1876,0,2,1775,0,2,910,0,2,865,0,0,7,0,2,0,5,0,14
제8회 전국동시지방선거,20220601,전라북도,김제시,금산면,2,4510,4,2,4253,4,2,2135,2,1,2118,2,1,14,0,8,0,6,0,15
제8회 전국동시지방선거,20220601,전라북도,김제시,광활면,1,1310,1,1,1223,1,1,629,1,0,594,0,1,10,0,3,0,7,0,16
제8회 전국동시지방선거,20220601,전라북도,김제시,요촌동,4,10851,7,26,9426,7,26,4632,2,9,4794,5,17,26,0,16,0,10,0,17
제8회 전국동시지방선거,20220601,전라북도,김제시,신풍동,5,12868,8,16,10890,8,16,5198,5,5,5692,3,11,26,0,16,0,10,0,18
제8회 전국동시지방선거,20220601,전라북도,김제시,검산동,3,11765,4,4,9799,3,4,4764,1,0,5035,2,4,57,0,38,0,19,0,19
제8회 전국동시지방선거,20220601,전라북도,김제시,교월동,3,6305,5,9,5493,5,9,2724,2,2,2769,3,7,18,0,9,0,9,0,20
제8회 전국동시지방선거,20220601,전라북도,남원시,합계,33,78997,46,97,69007,43,97,33535,21,17,35472,22,80,376,0,178,0,198,0,1
제8회 전국동시지방선거,20220601,전라북도,남원시,운봉읍,2,3864,3,4,3512,2,4,1682,1,1,1830,1,3,17,0,9,0,8,0,2
제8회 전국동시지방선거,20220601,전라북도,남원시,주천면,2,2599,0,1,2398,0,1,1222,0,0,1176,0,1,23,0,12,0,11,0,3
제8회 전국동시지방선거,20220601,전라북도,남원시,수지면,1,1095,0,0,1006,0,0,497,0,0,509,0,0,3,0,2,0,1,0,4
제8회 전국동시지방선거,20220601,전라북도,남원시,송동면,1,1987,1,2,1848,1,2,919,0,0,929,1,2,2,0,2,0,0,0,5
제8회 전국동시지방선거,20220601,전라북도,남원시,주생면,1,1801,1,0,1664,1,0,808,0,0,856,1,0,8,0,3,0,5,0,6
제8회 전국동시지방선거,20220601,전라북도,남원시,금지면,1,2309,0,3,2161,0,3,1040,0,1,1121,0,2,7,0,2,0,5,0,7
제8회 전국동시지방선거,20220601,전라북도,남원시,대강면,1,1560,3,0,1485,3,0,700,0,0,785,3,0,7,0,3,0,4,0,8
제8회 전국동시지방선거,20220601,전라북도,남원시,대산면,1,1630,0,1,1506,0,1,749,0,1,757,0,0,80,0,29,0,51,0,9
제8회 전국동시지방선거,20220601,전라북도,남원시,사매면,1,1491,1,0,1399,1,0,720,1,0,679,0,0,24,0,10,0,14,0,10
제8회 전국동시지방선거,20220601,전라북도,남원시,덕과면,1,930,0,0,879,0,0,449,0,0,430,0,0,4,0,1,0,3,0,11
제8회 전국동시지방선거,20220601,전라북도,남원시,보절면,1,1429,2,5,1341,2,5,674,2,0,667,0,5,38,0,13,0,25,0,12
제8회 전국동시지방선거,20220601,전라북도,남원시,산동면,1,1795,4,0,1673,2,0,843,1,0,830,1,0,23,0,10,0,13,0,13
제8회 전국동시지방선거,20220601,전라북도,남원시,이백면,1,2245,1,2,2057,1,2,1003,1,0,1054,0,2,29,0,11,0,18,0,14
제8회 전국동시지방선거,20220601,전라북도,남원시,인월면,1,2737,4,3,2467,4,3,1191,2,0,1276,2,3,9,0,5,0,4,0,15
제8회 전국동시지방선거,20220601,전라북도,남원시,아영면,1,1873,1,2,1692,1,2,823,1,0,869,0,2,2,0,2,0,0,0,16
제8회 전국동시지방선거,20220601,전라북도,남원시,산내면,1,2095,2,3,1876,2,3,926,1,1,950,1,2,6,0,3,0,3,0,17
제8회 전국동시지방선거,20220601,전라북도,남원시,동충동,1,3299,2,6,2918,2,6,1376,1,2,1542,1,4,7,0,3,0,4,0,18
제8회 전국동시지방선거,20220601,전라북도,남원시,죽항동,1,3272,2,8,2932,2,8,1369,1,3,1563,1,5,6,0,6,0,0,0,19
제8회 전국동시지방선거,20220601,전라북도,남원시,노암동,2,6075,1,12,5044,1,12,2383,1,1,2661,0,11,15,0,14,0,1,0,20
제8회 전국동시지방선거,20220601,전라북도,남원시,금동,2,6530,5,19,5457,5,19,2602,2,4,2855,3,15,16,0,8,0,8,0,21
제8회 전국동시지방선거,20220601,전라북도,남원시,왕정동,2,4165,3,5,3714,3,5,1784,1,1,1930,2,4,8,0,5,0,3,0,22
제8회 전국동시지방선거,20220601,전라북도,남원시,향교동,3,6917,2,7,6107,2,7,3097,1,1,3010,1,6,10,0,6,0,4,0,23
제8회 전국동시지방선거,20220601,전라북도,남원시,도통동,4,17299,8,14,13871,8,14,6678,4,1,7193,4,13,32,0,19,0,13,0,24
제8회 전국동시지방선거,20220601,전라북도,무주군,합계,13,23768,13,21,21279,12,21,10571,6,4,10708,6,17,289,0,101,0,188,0,1
제8회 전국동시지방선거,20220601,전라북도,무주군,무주읍,3,9446,2,14,7971,2,14,3963,1,3,4008,1,11,79,0,30,0,49,0,2
제8회 전국동시지방선거,20220601,전라북도,무주군,무풍면,2,2194,1,0,2071,1,0,1033,0,0,1038,1,0,68,0,20,0,48,0,3
제8회 전국동시지방선거,20220601,전라북도,무주군,설천면,2,3941,4,2,3594,3,2,1785,1,0,1809,2,2,34,0,9,0,25,0,4
제8회 전국동시지방선거,20220601,전라북도,무주군,적상면,3,2594,0,1,2444,0,1,1201,0,0,1243,0,1,33,0,15,0,18,0,5
제8회 전국동시지방선거,20220601,전라북도,무주군,안성면,2,4194,5,4,3876,5,4,1930,4,1,1946,1,3,28,0,14,0,14,0,6
제8회 전국동시지방선거,20220601,전라북도,무주군,부남면,1,1399,1,0,1323,1,0,659,0,0,664,1,0,47,0,13,0,34,0,7
제8회 전국동시지방선거,20220601,전라북도,부안군,합계,25,50616,49,49,45614,48,49,22555,19,4,23059,29,45,134,0,80,0,54,0,1
제8회 전국동시지방선거,20220601,전라북도,부안군,부안읍,7,20763,15,31,17483,15,31,8408,4,3,9075,11,28,53,0,31,0,22,0,2
제8회 전국동시지방선거,20220601,전라북도,부안군,주산면,1,1858,1,1,1784,0,1,868,0,0,916,0,1,6,0,5,0,1,0,3
제8회 전국동시지방선거,20220601,전라북도,부안군,동진면,3,2748,1,2,2619,1,2,1323,0,0,1296,1,2,8,0,5,0,3,0,4
제8회 전국동시지방선거,20220601,전라북도,부안군,행안면,1,2173,2,0,2025,2,0,1059,2,0,966,0,0,5,0,3,0,2,0,5
제8회 전국동시지방선거,20220601,전라북도,부안군,계화면,3,3286,4,4,3087,4,4,1561,2,0,1526,2,4,7,0,4,0,3,0,6
제8회 전국동시지방선거,20220601,전라북도,부안군,보안면,1,2359,6,0,2255,6,0,1124,2,0,1131,4,0,11,0,5,0,6,0,7
제8회 전국동시지방선거,20220601,전라북도,부안군,변산면,2,4367,7,7,3974,7,7,2036,4,1,1938,3,6,4,0,3,0,1,0,8
제8회 전국동시지방선거,20220601,전라북도,부안군,진서면,1,2266,3,0,2125,3,0,1085,1,0,1040,2,0,5,0,2,0,3,0,9
제8회 전국동시지방선거,20220601,전라북도,부안군,백산면,1,2434,2,0,2331,2,0,1153,1,0,1178,1,0,11,0,8,0,3,0,10
제8회 전국동시지방선거,20220601,전라북도,부안군,상서면,1,2158,3,1,2043,3,1,1004,1,0,1039,2,1,6,0,4,0,2,0,11
제8회 전국동시지방선거,20220601,전라북도,부안군,하서면,1,2591,1,3,2456,1,3,1192,1,0,1264,0,3,7,0,5,0,2,0,12
제8회 전국동시지방선거,20220601,전라북도,부안군,줄포면,1,2496,4,0,2354,4,0,1155,1,0,1199,3,0,7,0,3,0,4,0,13
제8회 전국동시지방선거,20220601,전라북도,부안군,위도면,2,1117,0,0,1078,0,0,587,0,0,491,0,0,4,0,2,0,2,0,14
제8회 전국동시지방선거,20220601,전라북도,순창군,합계,18,26819,19,39,23898,14,39,11629,8,5,12269,6,34,332,0,129,0,203,0,1
제8회 전국동시지방선거,20220601,전라북도,순창군,순창읍,3,9965,9,18,8185,7,18,3933,5,4,4252,2,14,101,0,43,0,58,0,2
제8회 전국동시지방선거,20220601,전라북도,순창군,인계면,1,1491,1,5,1397,1,5,680,1,0,717,0,5,23,0,7,0,16,0,3
제8회 전국동시지방선거,20220601,전라북도,순창군,동계면,2,1972,1,0,1841,1,0,897,0,0,944,1,0,18,0,7,0,11,0,4
제8회 전국동시지방선거,20220601,전라북도,순창군,적성면,1,1233,1,1,1178,1,1,578,1,0,600,0,1,41,0,12,0,29,0,5
제8회 전국동시지방선거,20220601,전라북도,순창군,유등면,1,1053,0,1,988,0,1,468,0,0,520,0,1,17,0,5,0,12,0,6
제8회 전국동시지방선거,20220601,전라북도,순창군,풍산면,2,1678,1,2,1550,1,2,780,0,0,770,1,2,35,0,14,0,21,0,7
제8회 전국동시지방선거,20220601,전라북도,순창군,금과면,1,1703,1,6,1620,1,6,807,1,0,813,0,6,17,0,7,0,10,0,8
제8회 전국동시지방선거,20220601,전라북도,순창군,팔덕면,1,1379,1,4,1290,1,4,648,0,0,642,1,4,27,0,7,0,20,0,9
제8회 전국동시지방선거,20220601,전라북도,순창군,복흥면,2,2124,1,1,1912,1,1,922,0,1,990,1,0,14,0,9,0,5,0,10
제8회 전국동시지방선거,20220601,전라북도,순창군,쌍치면,2,1933,1,0,1786,0,0,882,0,0,904,0,0,10,0,6,0,4,0,11
제8회 전국동시지방선거,20220601,전라북도,순창군,구림면,2,2288,2,1,2151,0,1,1034,0,0,1117,0,1,29,0,12,0,17,0,12
제8회 전국동시지방선거,20220601,전라북도,완주군,합계,34,91109,47,83,78284,42,83,40277,17,19,38007,25,64,214,0,121,0,93,0,1
제8회 전국동시지방선거,20220601,전라북도,완주군,삼례읍,4,14553,8,11,13016,8,11,6757,2,4,6259,6,7,42,0,27,0,15,0,2
제8회 전국동시지방선거,20220601,전라북도,완주군,봉동읍,6,26231,10,33,20802,10,33,10851,4,8,9951,6,25,30,0,19,0,11,0,3
제8회 전국동시지방선거,20220601,전라북도,완주군,용진읍,4,7012,3,7,6296,2,7,3258,1,2,3038,1,5,11,0,6,0,5,0,4
제8회 전국동시지방선거,20220601,전라북도,완주군,상관면,2,4248,5,2,3698,3,2,1901,1,0,1797,2,2,9,0,5,0,4,0,5
제8회 전국동시지방선거,20220601,전라북도,완주군,이서면,3,14406,2,16,11712,2,16,5866,1,4,5846,1,12,10,0,9,0,1,0,6
제8회 전국동시지방선거,20220601,전라북도,완주군,소양면,4,5908,7,8,5459,7,8,2833,3,1,2626,4,7,58,0,26,0,32,0,7
제8회 전국동시지방선거,20220601,전라북도,완주군,구이면,3,5682,4,2,5268,2,2,2648,1,0,2620,1,2,7,0,4,0,3,0,8
제8회 전국동시지방선거,20220601,전라북도,완주군,고산면,2,4561,1,1,4124,1,1,2120,0,0,2004,1,1,23,0,12,0,11,0,9
제8회 전국동시지방선거,20220601,전라북도,완주군,비봉면,2,1851,1,1,1714,1,1,881,1,0,833,0,1,10,0,5,0,5,0,10
제8회 전국동시지방선거,20220601,전라북도,완주군,운주면,1,1917,2,1,1822,2,1,906,1,0,916,1,1,5,0,1,0,4,0,11
제8회 전국동시지방선거,20220601,전라북도,완주군,화산면,1,2674,1,0,2424,1,0,1255,1,0,1169,0,0,7,0,6,0,1,0,12
제8회 전국동시지방선거,20220601,전라북도,완주군,동상면,1,1079,1,0,1011,1,0,520,0,0,491,1,0,2,0,1,0,1,0,13
제8회 전국동시지방선거,20220601,전라북도,완주군,경천면,1,987,2,1,938,2,1,481,1,0,457,1,1,0,0,0,0,0,0,14
제8회 전국동시지방선거,20220601,전라북도,익산시,합계,87,276899,164,361,239077,157,361,118392,69,111,120685,88,250,592,0,351,0,241,0,1
제8회 전국동시지방선거,20220601,전라북도,익산시,함열읍,2,6658,2,21,5934,2,21,2875,1,9,3059,1,12,15,0,9,0,6,0,2
제8회 전국동시지방선거,20220601,전라북도,익산시,오산면,3,7601,1,7,6677,1,7,3293,0,2,3384,1,5,12,0,11,0,1,0,3
제8회 전국동시지방선거,20220601,전라북도,익산시,황등면,3,6924,0,12,6324,0,12,3168,0,2,3156,0,10,12,0,7,0,5,0,4
제8회 전국동시지방선거,20220601,전라북도,익산시,함라면,1,2250,0,0,2109,0,0,1059,0,0,1050,0,0,5,0,3,0,2,0,5
제8회 전국동시지방선거,20220601,전라북도,익산시,웅포면,1,1517,3,0,1455,2,0,736,1,0,719,1,0,8,0,5,0,3,0,6
제8회 전국동시지방선거,20220601,전라북도,익산시,성당면,1,1878,3,3,1787,3,3,889,1,0,898,2,3,6,0,6,0,0,0,7
제8회 전국동시지방선거,20220601,전라북도,익산시,용안면,1,2621,3,0,2451,3,0,1218,1,0,1233,2,0,9,0,7,0,2,0,8
제8회 전국동시지방선거,20220601,전라북도,익산시,낭산면,1,3011,3,3,2807,2,3,1485,1,1,1322,1,2,6,0,4,0,2,0,9
제8회 전국동시지방선거,20220601,전라북도,익산시,망성면,1,2948,0,1,2769,0,1,1384,0,1,1385,0,0,5,0,3,0,2,0,10
제8회 전국동시지방선거,20220601,전라북도,익산시,여산면,1,3250,1,5,2961,1,5,1505,0,4,1456,1,1,4,0,3,0,1,0,11
제8회 전국동시지방선거,20220601,전라북도,익산시,금마면,2,5174,4,1,4582,4,1,2397,0,1,2185,4,0,8,0,6,0,2,0,12
제8회 전국동시지방선거,20220601,전라북도,익산시,왕궁면,3,4230,3,5,4017,3,5,2021,2,0,1996,1,5,164,0,39,0,125,0,13
제8회 전국동시지방선거,20220601,전라북도,익산시,춘포면,3,4276,4,2,3950,4,2,2008,1,2,1942,3,0,4,0,4,0,0,0,14
제8회 전국동시지방선거,20220601,전라북도,익산시,삼기면,1,2554,3,3,2424,1,3,1255,0,0,1169,1,3,4,0,3,0,1,0,15
제8회 전국동시지방선거,20220601,전라북도,익산시,용동면,1,1522,0,1,1446,0,1,709,0,0,737,0,1,3,0,2,0,1,0,16
제8회 전국동시지방선거,20220601,전라북도,익산시,중앙동,2,3288,7,30,3101,7,30,1643,4,17,1458,3,13,7,0,5,0,2,0,17
제8회 전국동시지방선거,20220601,전라북도,익산시,평화동,2,4660,7,9,4151,7,9,2203,2,3,1948,5,6,7,0,5,0,2,0,18
제8회 전국동시지방선거,20220601,전라북도,익산시,인화동,2,6826,8,12,6259,7,12,3189,3,6,3070,4,6,14,0,10,0,4,0,19
제8회 전국동시지방선거,20220601,전라북도,익산시,동산동,6,21972,8,26,18839,8,26,9187,5,5,9652,3,21,35,0,27,0,8,0,20
제8회 전국동시지방선거,20220601,전라북도,익산시,마동,3,9701,4,23,8701,4,23,4377,2,9,4324,2,14,16,0,15,0,1,0,21
제8회 전국동시지방선거,20220601,전라북도,익산시,남중동,4,11293,6,23,10195,6,23,5167,3,6,5028,3,17,24,0,17,0,7,0,22
제8회 전국동시지방선거,20220601,전라북도,익산시,모현동,10,38788,16,39,31829,16,39,15211,5,8,16618,11,31,37,0,31,0,6,0,23
제8회 전국동시지방선거,20220601,전라북도,익산시,송학동,3,8511,3,3,6921,3,3,3401,1,1,3520,2,2,12,0,12,0,0,0,24
제8회 전국동시지방선거,20220601,전라북도,익산시,신동,4,15341,6,14,14136,6,14,7135,4,9,7001,2,5,46,0,16,0,30,0,25
제8회 전국동시지방선거,20220601,전라북도,익산시,영등1동,7,22506,17,24,19263,17,24,9397,7,6,9866,10,18,36,0,30,0,6,0,26
제8회 전국동시지방선거,20220601,전라북도,익산시,영등2동,3,13903,7,16,11372,5,16,5520,1,1,5852,4,15,22,0,17,0,5,0,27
제8회 전국동시지방선거,20220601,전라북도,익산시,어양동,6,24455,19,47,20127,19,47,9727,10,11,10400,9,36,18,0,14,0,4,0,28
제8회 전국동시지방선거,20220601,전라북도,익산시,팔봉동,2,6492,8,4,5549,8,4,2894,3,0,2655,5,4,10,0,5,0,5,0,29
제8회 전국동시지방선거,20220601,전라북도,익산시,삼성동,8,32749,18,27,26941,18,27,13339,11,7,13602,7,20,43,0,35,0,8,0,30
제8회 전국동시지방선거,20220601,전라북도,임실군,합계,20,26834,25,13,24346,24,13,12425,10,2,11921,14,11,120,0,52,0,68,0,1
제8회 전국동시지방선거,20220601,전라북도,임실군,임실읍,3,7336,4,0,6090,4,0,3074,1,0,3016,3,0,24,0,11,0,13,0,2
제8회 전국동시지방선거,20220601,전라북도,임실군,청웅면,1,1269,1,0,1204,1,0,607,0,0,597,1,0,6,0,2,0,4,0,3
제8회 전국동시지방선거,20220601,전라북도,임실군,운암면,3,1599,2,0,1510,2,0,786,1,0,724,1,0,5,0,4,0,1,0,4
제8회 전국동시지방선거,20220601,전라북도,임실군,신평면,1,1427,0,0,1332,0,0,683,0,0,649,0,0,13,0,4,0,9,0,5
제8회 전국동시지방선거,20220601,전라북도,임실군,성수면,2,1627,0,0,1531,0,0,792,0,0,739,0,0,11,0,5,0,6,0,6
제8회 전국동시지방선거,20220601,전라북도,임실군,오수면,2,3601,3,9,3348,3,9,1687,0,1,1661,3,8,20,0,10,0,10,0,7
제8회 전국동시지방선거,20220601,전라북도,임실군,신덕면,1,1313,1,1,1238,1,1,642,0,0,596,1,1,2,0,0,0,2,0,8
제8회 전국동시지방선거,20220601,전라북도,임실군,삼계면,1,1493,6,0,1417,6,0,719,4,0,698,2,0,15,0,4,0,11,0,9
제8회 전국동시지방선거,20220601,전라북도,임실군,관촌면,2,3240,3,1,2971,2,1,1523,1,0,1448,1,1,14,0,4,0,10,0,10
제8회 전국동시지방선거,20220601,전라북도,임실군,강진면,1,1506,1,2,1438,1,2,756,1,1,682,0,1,3,0,2,0,1,0,11
제8회 전국동시지방선거,20220601,전라북도,임실군,덕치면,2,1198,1,0,1130,1,0,590,1,0,540,0,0,1,0,1,0,0,0,12
제8회 전국동시지방선거,20220601,전라북도,임실군,지사면,1,1225,3,0,1137,3,0,566,1,0,571,2,0,6,0,5,0,1,0,13
제8회 전국동시지방선거,20220601,전라북도,장수군,합계,10,21694,12,23,19380,11,23,9635,7,2,9745,4,21,98,0,45,0,53,0,1
제8회 전국동시지방선거,20220601,전라북도,장수군,장수읍,3,7262,4,10,6178,4,10,3042,2,1,3136,2,9,31,0,13,0,18,0,2
제8회 전국동시지방선거,20220601,전라북도,장수군,산서면,1,2061,1,4,1894,1,4,944,1,0,950,0,4,25,0,9,0,16,0,3
제8회 전국동시지방선거,20220601,전라북도,장수군,번암면,1,2275,1,1,2118,1,1,1068,1,0,1050,0,1,12,0,7,0,5,0,4
제8회 전국동시지방선거,20220601,전라북도,장수군,장계면,2,4336,4,1,3816,3,1,1915,1,1,1901,2,0,7,0,4,0,3,0,5
제8회 전국동시지방선거,20220601,전라북도,장수군,천천면,1,2064,0,4,1963,0,4,950,0,0,1013,0,4,4,0,2,0,2,0,6
제8회 전국동시지방선거,20220601,전라북도,장수군,계남면,1,2144,2,2,1977,2,2,982,2,0,995,0,2,12,0,6,0,6,0,7
제8회 전국동시지방선거,20220601,전라북도,장수군,계북면,1,1552,0,1,1434,0,1,734,0,0,700,0,1,7,0,4,0,3,0,8
제8회 전국동시지방선거,20220601,전라북도,전주시덕진구,합계,69,289759,174,182,238934,164,182,118081,78,42,120853,86,140,422,0,302,0,120,0,1
제8회 전국동시지방선거,20220601,전라북도,전주시덕진구,진북동,4,13935,9,11,12606,9,11,6078,7,3,6528,2,8,22,0,15,0,7,0,2
제8회 전국동시지방선거,20220601,전라북도,전주시덕진구,인후1동,4,18208,8,11,15056,8,11,7148,5,2,7908,3,9,26,0,19,0,7,0,3
제8회 전국동시지방선거,20220601,전라북도,전주시덕진구,인후2동,4,11110,2,7,10105,2,7,4981,2,1,5124,0,6,19,0,12,0,7,0,4
제8회 전국동시지방선거,20220601,전라북도,전주시덕진구,덕진동,5,20960,14,16,17664,13,16,8901,4,5,8763,9,11,19,0,14,0,5,0,5
제8회 전국동시지방선거,20220601,전라북도,전주시덕진구,금암1동,2,7879,10,5,7468,10,5,4079,5,1,3389,5,4,7,0,5,0,2,0,6
제8회 전국동시지방선거,20220601,전라북도,전주시덕진구,금암2동,3,9775,14,13,8905,12,13,4341,5,5,4564,7,8,14,0,10,0,4,0,7
제8회 전국동시지방선거,20220601,전라북도,전주시덕진구,팔복동,3,7476,6,14,6853,6,14,3765,6,5,3088,0,9,11,0,9,0,2,0,8
제8회 전국동시지방선거,20220601,전라북도,전주시덕진구,우아1동,3,12643,5,9,10848,5,9,5414,4,1,5434,1,8,16,0,12,0,4,0,9
제8회 전국동시지방선거,20220601,전라북도,전주시덕진구,우아2동,4,14497,13,15,12821,13,15,6685,4,2,6136,9,13,25,0,21,0,4,0,10
제8회 전국동시지방선거,20220601,전라북도,전주시덕진구,호성동,4,19785,10,10,16607,10,10,7844,3,2,8763,7,8,58,0,32,0,26,0,11
제8회 전국동시지방선거,20220601,전라북도,전주시덕진구,송천1동,12,64045,21,23,48647,21,23,23756,5,8,24891,16,15,76,0,59,0,17,0,12
제8회 전국동시지방선거,20220601,전라북도,전주시덕진구,송천2동,7,26061,14,11,21803,13,11,10554,6,1,11249,7,10,39,0,28,0,11,0,13
제8회 전국동시지방선거,20220601,전라북도,전주시덕진구,조촌동,3,12573,6,11,10988,5,11,5626,2,3,5362,3,8,29,0,20,0,9,0,14
제8회 전국동시지방선거,20220601,전라북도,전주시덕진구,여의동,8,30568,34,19,24464,29,19,12198,16,2,12266,13,17,42,0,29,0,13,0,15
제8회 전국동시지방선거,20220601,전라북도,전주시덕진구,혁신동,3,20244,8,7,14099,8,7,6711,4,1,7388,4,6,19,0,17,0,2,0,16
제8회 전국동시지방선거,20220601,전라북도,전주시완산구,합계,94,365807,262,231,311508,253,231,150008,108,65,161500,145,166,721,0,495,0,226,0,1
제8회 전국동시지방선거,20220601,전라북도,전주시완산구,중앙동,3,7356,17,33,6681,16,33,3329,5,17,3352,11,16,9,0,2,0,7,0,2
제8회 전국동시지방선거,20220601,전라북도,전주시완산구,풍남동,2,3986,6,5,3774,6,5,1882,3,3,1892,3,2,13,0,8,0,5,0,3
제8회 전국동시지방선거,20220601,전라북도,전주시완산구,노송동,5,11611,15,4,10512,12,4,5071,5,0,5441,7,4,24,0,18,0,6,0,4
제8회 전국동시지방선거,20220601,전라북도,전주시완산구,완산동,2,5378,6,3,4813,6,3,2327,0,1,2486,6,2,14,0,10,0,4,0,5
제8회 전국동시지방선거,20220601,전라북도,전주시완산구,동서학동,3,6249,3,2,5670,3,2,2760,2,0,2910,1,2,159,0,79,0,80,0,6
제8회 전국동시지방선거,20220601,전라북도,전주시완산구,서서학동,3,8544,6,7,7829,6,7,3803,5,3,4026,1,4,16,0,7,0,9,0,7
제8회 전국동시지방선거,20220601,전라북도,전주시완산구,중화산1동,3,14246,16,10,12433,15,10,5862,7,3,6571,8,7,17,0,10,0,7,0,8
제8회 전국동시지방선거,20220601,전라북도,전주시완산구,중화산2동,4,19627,11,9,16351,11,9,8122,3,4,8229,8,5,28,0,21,0,7,0,9
제8회 전국동시지방선거,20220601,전라북도,전주시완산구,평화1동,3,12746,5,11,11607,5,11,5509,0,2,6098,5,9,31,0,24,0,7,0,10
제8회 전국동시지방선거,20220601,전라북도,전주시완산구,평화2동,10,45574,28,18,37920,27,18,18012,13,3,19908,14,15,88,0,63,0,25,0,11
제8회 전국동시지방선거,20220601,전라북도,전주시완산구,서신동,10,40670,27,22,33917,27,22,16244,9,4,17673,18,18,59,0,49,0,10,0,12
제8회 전국동시지방선거,20220601,전라북도,전주시완산구,삼천1동,3,11382,9,4,9962,9,4,4778,4,0,5184,5,4,18,0,14,0,4,0,13
제8회 전국동시지방선거,20220601,전라북도,전주시완산구,삼천2동,4,13400,17,17,11900,16,17,5644,8,5,6256,8,12,18,0,14,0,4,0,14
제8회 전국동시지방선거,20220601,전라북도,전주시완산구,삼천3동,6,21770,22,6,18548,21,6,8856,10,1,9692,11,5,32,0,19,0,13,0,15
제8회 전국동시지방선거,20220601,전라북도,전주시완산구,효자1동,3,10637,9,7,9426,9,7,4429,3,1,4997,6,6,22,0,13,0,9,0,16
제8회 전국동시지방선거,20220601,전라북도,전주시완산구,효자2동,3,9951,8,7,8856,8,7,4177,3,2,4679,5,5,20,0,16,0,4,0,17
제8회 전국동시지방선거,20220601,전라북도,전주시완산구,효자3동,4,14584,4,8,12601,4,8,5823,2,2,6778,2,6,25,0,22,0,3,0,18
제8회 전국동시지방선거,20220601,전라북도,전주시완산구,효자4동,9,39243,19,14,31273,19,14,14989,13,4,16284,6,10,49,0,42,0,7,0,19
제8회 전국동시지방선거,20220601,전라북도,전주시완산구,효자5동,7,37168,20,12,31159,20,12,15539,8,1,15620,12,11,35,0,31,0,4,0,20
제8회 전국동시지방선거,20220601,전라북도,전주시완산구,인후3동,7,31685,14,32,26276,13,32,12852,5,9,13424,8,23,44,0,33,0,11,0,21
제8회 전국동시지방선거,20220601,전라북도,정읍시,합계,46,106100,61,125,93307,57,125,46051,26,28,47256,31,97,463,1,264,1,199,0,1
제8회 전국동시지방선거,20220601,전라북도,정읍시,신태인읍,3,5377,4,10,4895,4,10,2356,0,0,2539,4,10,29,0,16,0,13,0,2
제8회 전국동시지방선거,20220601,전라북도,정읍시,북면,2,4166,3,5,3815,3,5,1944,1,1,1871,2,4,12,0,9,0,3,0,3
제8회 전국동시지방선거,20220601,전라북도,정읍시,입암면,2,2761,1,2,2601,1,2,1286,0,1,1315,1,1,11,0,8,0,3,0,4
제8회 전국동시지방선거,20220601,전라북도,정읍시,소성면,1,2059,2,2,1936,2,2,999,1,1,937,1,1,4,0,4,0,0,0,5
제8회 전국동시지방선거,20220601,전라북도,정읍시,고부면,1,2778,3,1,2620,3,1,1296,1,0,1324,2,1,106,0,73,0,33,0,6
제8회 전국동시지방선거,20220601,전라북도,정읍시,영원면,1,1740,0,1,1641,0,1,802,0,0,839,0,1,48,0,12,0,36,0,7
제8회 전국동시지방선거,20220601,전라북도,정읍시,덕천면,2,1773,1,0,1670,1,0,841,0,0,829,1,0,15,0,5,0,10,0,8
제8회 전국동시지방선거,20220601,전라북도,정읍시,이평면,2,2010,1,3,1921,1,3,923,1,1,998,0,2,10,0,1,0,9,0,9
제8회 전국동시지방선거,20220601,전라북도,정읍시,정우면,1,2506,1,0,2369,1,0,1196,0,0,1173,1,0,22,0,6,0,16,0,10
제8회 전국동시지방선거,20220601,전라북도,정읍시,태인면,2,3318,1,2,3155,1,2,1566,1,0,1589,0,2,5,0,1,0,4,0,11
제8회 전국동시지방선거,20220601,전라북도,정읍시,감곡면,1,2760,5,0,2656,5,0,1344,3,0,1312,2,0,9,0,3,0,6,0,12
제8회 전국동시지방선거,20220601,전라북도,정읍시,옹동면,1,1643,2,0,1539,2,0,785,1,0,754,1,0,4,0,1,0,3,0,13
제8회 전국동시지방선거,20220601,전라북도,정읍시,칠보면,2,2268,0,1,2072,0,1,1058,0,0,1014,0,1,3,0,1,0,2,0,14
제8회 전국동시지방선거,20220601,전라북도,정읍시,산내면,1,1201,1,1,1136,1,1,573,1,0,563,0,1,0,0,0,0,0,0,15
제8회 전국동시지방선거,20220601,전라북도,정읍시,산외면,1,2072,1,1,1958,1,1,994,1,0,964,0,1,5,0,4,0,1,0,16
제8회 전국동시지방선거,20220601,전라북도,정읍시,수성동,5,16955,9,32,14297,9,32,7207,3,9,7090,6,23,58,0,39,0,19,0,17
제8회 전국동시지방선거,20220601,전라북도,정읍시,장명동,1,2911,5,2,2572,5,2,1268,3,1,1304,2,1,10,1,5,1,5,0,18
제8회 전국동시지방선거,20220601,전라북도,정읍시,내장상동,6,20292,6,24,16744,5,24,8029,3,7,8715,2,17,35,0,25,0,10,0,19
제8회 전국동시지방선거,20220601,전라북도,정읍시,시기동,2,3227,4,3,2891,4,3,1373,2,1,1518,2,2,13,0,5,0,8,0,20
제8회 전국동시지방선거,20220601,전라북도,정읍시,초산동,3,10248,7,9,8312,4,9,4016,2,1,4296,2,8,22,0,13,0,9,0,21
제8회 전국동시지방선거,20220601,전라북도,정읍시,연지동,2,6003,3,18,5150,3,18,2533,1,5,2617,2,13,16,0,13,0,3,0,22
제8회 전국동시지방선거,20220601,전라북도,정읍시,농소동,2,3987,0,6,3602,0,6,1712,0,0,1890,0,6,18,0,14,0,4,0,23
제8회 전국동시지방선거,20220601,전라북도,정읍시,상교동,2,4045,1,2,3755,1,2,1950,1,0,1805,0,2,8,0,6,0,2,0,24
제8회 전국동시지방선거,20220601,전라북도,진안군,합계,13,25008,23,29,22634,22,29,11458,8,2,11176,14,27,79,0,41,0,38,0,1
제8회 전국동시지방선거,20220601,전라북도,진안군,진안읍,3,10018,10,11,8750,10,11,4411,2,1,4339,8,10,23,0,14,0,9,0,2
제8회 전국동시지방선거,20220601,전라북도,진안군,용담면,1,854,1,3,822,1,3,405,1,0,417,0,3,5,0,0,0,5,0,3
제8회 전국동시지방선거,20220601,전라북도,진안군,안천면,1,1068,0,1,973,0,1,471,0,0,502,0,1,5,0,3,0,2,0,4
제8회 전국동시지방선거,20220601,전라북도,진안군,동향면,1,1344,4,0,1238,3,0,592,1,0,646,2,0,1,0,0,0,1,0,5
제8회 전국동시지방선거,20220601,전라북도,진안군,상전면,1,837,0,0,786,0,0,406,0,0,380,0,0,4,0,2,0,2,0,6
제8회 전국동시지방선거,20220601,전라북도,진안군,백운면,1,1957,1,3,1812,1,3,956,0,0,856,1,3,11,0,5,0,6,0,7
제8회 전국동시지방선거,20220601,전라북도,진안군,성수면,1,1758,1,4,1639,1,4,837,0,1,802,1,3,11,0,4,0,7,0,8
제8회 전국동시지방선거,20220601,전라북도,진안군,마령면,1,1810,1,2,1693,1,2,862,1,0,831,0,2,8,0,5,0,3,0,9
제8회 전국동시지방선거,20220601,전라북도,진안군,부귀면,1,2840,2,2,2563,2,2,1322,1,0,1241,1,2,6,0,5,0,1,0,10
제8회 전국동시지방선거,20220601,전라북도,진안군,정천면,1,1037,0,0,945,0,0,489,0,0,456,0,0,4,0,2,0,2,0,11
제8회 전국동시지방선거,20220601,전라북도,진안군,주천면,1,1485,3,3,1413,3,3,707,2,0,706,1,3,1,0,1,0,0,0,12
